ra,dec,name,bluemag,redmag,max_alt,min_airmass,hours_above_30,observable,window_start,window_end,best_time,moon_illumination,moon_alt_max,moon_up_hours,min_moon_sep,min_moon_sep_moon_up,sun_ra_sep,season_score,season_category,skyq_category
246.2357145,75.9155497,RXS_J16249+7554,12.83,14.7,47.835178916683766,1.347784399505532,10.854271356783727,True,2026-05-27T00:12:21.709,2026-05-27T11:00:00.000,2026-05-27T06:53:58.191,0.846175294583161,44.90718315689014,10.130653266331478,91.27168091392204,91.27168091392204,178.04010211766467,0.9813343972701064,Prime,Prime
246.2930213,40.892872,NGC_6146,8.44,9.1,82.85655895149773,1.0074908406521197,9.286432160803855,True,2026-05-27T01:46:25.930,2026-05-27T11:00:00.000,2026-05-27T06:53:58.191,0.846175294583161,44.90718315689014,10.130653266331478,69.29944279652057,69.57750495266953,177.9827953395441,0.9807886184343434,Prime,Prime
240.9086196,15.9007172,GIN_463,12.94,16.41,72.13526435469946,1.0502141096714377,8.562814070351607,True,2026-05-27T02:18:59.698,2026-05-27T10:49:08.744,2026-05-27T06:32:15.678,0.846175294583161,44.90718315689014,10.130653266331478,50.5914371914033,51.17685178705362,176.6328030259349,0.9679313660093927,Prime,Prime
239.757124,59.4060631,MCG_10-23-012,9.11,11.21,64.35892318218563,1.1086458318482975,10.31155778894454,True,2026-05-27T00:44:55.477,2026-05-27T11:00:00.000,2026-05-27T06:28:38.593,0.846175294583161,44.90718315689014,10.130653266331478,78.37478121274,78.37478121274,175.4813074478496,0.9569647414577958,Prime,Prime
252.2328908,39.9103416,RXS_J16489+3954,10.41,13.4,83.82389413876469,1.0055131321539954,8.864321608040044,True,2026-05-27T02:11:45.528,2026-05-27T11:00:00.000,2026-05-27T07:19:17.789,0.846175294583161,44.90718315689014,10.130653266331478,72.31395190421922,72.651765646034,172.04292586130623,0.9242184329276663,Prime,Prime
253.4675689,39.7601674,MARK_501,7.12,10.97,83.97337218545188,1.0052337330116405,8.743718592964669,True,2026-05-27T02:18:59.698,2026-05-27T11:00:00.000,2026-05-27T07:22:54.874,0.846175294583161,44.90718315689014,10.130653266331478,73.01493682992162,73.36362588171654,170.80824778332988,0.912459594091122,Prime,Prime
234.9641098,41.7237182,RXS_J15398+4143,12.73,15.56,82.04904405886985,1.0093682832103996,10.070351758793791,True,2026-05-27T00:59:23.819,2026-05-27T11:00:00.000,2026-05-27T06:10:33.166,0.846175294583161,44.90718315689014,10.130653266331478,63.748828015786415,63.748828015786415,170.6882932698698,0.9113169873833629,Prime,Prime
254.9081389,68.4387223,3HSPJ165938.0+682618,11.83,14.28,55.29123450662537,1.2155736657360297,9.768844221105354,True,2026-05-27T01:17:29.246,2026-05-27T11:00:00.000,2026-05-27T07:26:31.960,0.846175294583161,44.90718315689014,10.130653266331478,89.12608015891166,89.12608015891166,169.367677805268,0.8987398800170251,Prime,Prime
233.0093,30.2746839,RXS_J15320+3016,12.42,14.97,86.48192586899033,1.001580779166523,9.587939698492292,True,2026-05-27T01:17:29.246,2026-05-27T10:49:08.744,2026-05-27T06:03:18.995,0.846175294583161,44.90718315689014,10.130653266331478,54.186866550804595,54.47164289541156,168.73348349204434,0.8926997514027313,Prime,Prime
230.1638152,-5.7770376,PGC_1040546,13.2,16.25,50.434999166303704,1.2960267430033603,6.391959798994861,True,2026-05-27T02:40:42.211,2026-05-27T09:00:36.181,2026-05-27T05:52:27.739,0.846175294583161,44.90718315689014,10.130653266331478,31.7729963207493,32.6238955991189,165.8879987140764,0.8655998963763653,Prime,Prime
229.5372724,66.9645574,NPM_1G+67.0119,9.26,12.02,56.819981503554956,1.1939850059969916,11.336683417085226,True,2026-05-26T23:43:25.025,2026-05-27T11:00:00.000,2026-05-27T05:48:50.653,0.846175294583161,44.90718315689014,10.130653266331478,81.1631256357196,81.1631256357196,165.2614559358401,0.859632822300719,Prime,Prime
259.8103753,48.9803989,Arp_102B,10.71,12.46,74.73823953969706,1.0361452375463216,8.623115577889294,True,2026-05-27T02:26:13.869,2026-05-27T11:00:00.000,2026-05-27T07:48:14.472,0.846175294583161,44.90718315689014,10.130653266331478,81.74767941594449,82.00537630183639,164.4654414271139,0.8520519145159374,Prime,Prime
263.5563754,42.3325834,GB6_J173410+421933,13.68,15.74,81.3754005852082,1.0110936050287584,8.140703517587795,True,2026-05-27T02:55:10.553,2026-05-27T11:00:00.000,2026-05-27T08:02:42.814,0.846175294583161,44.90718315689014,10.130653266331478,80.88134912827562,81.25492040012456,160.71944134895818,0.8163757232991105,Prime,Prime
265.9909709,19.5858358,NPM1G+19.0510,13.0,16.2,75.88312959554214,1.030743053192525,7.2361809045224845,True,2026-05-27T03:49:26.834,2026-05-27T11:00:00.000,2026-05-27T08:13:34.070,0.846175294583161,44.90718315689014,10.130653266331478,73.6605091975482,74.34883434997393,158.28484587083926,0.7931890997017788,Prime,Prime
267.6713475,39.9497513,CGCG_227-1,11.21,13.42,83.74677382402024,1.0056600183352888,7.839195979899358,True,2026-05-27T03:13:15.980,2026-05-27T11:00:00.000,2026-05-27T08:20:48.241,0.846175294583161,44.90718315689014,10.130653266331478,82.68493506264728,83.11281004757163,156.60446929265999,0.7771855132438229,Prime,Prime
220.0143674,37.1242776,RXS_J14401+3707,11.55,16.27,86.67215903996534,1.0013829847050328,10.010050251256104,True,2026-05-27T00:12:21.709,2026-05-27T10:09:20.804,2026-05-27T05:09:02.714,0.846175294583161,44.90718315689014,10.130653266331478,52.954562757247906,52.954562757247906,155.73855097956545,0.768938489387953,Prime,Prime
269.2778598,53.86042,GB6_J175704+535153,12.7,16.4,69.83273217117645,1.0648337435264126,8.201005025125482,True,2026-05-27T02:51:33.467,2026-05-27T11:00:00.000,2026-05-27T08:24:25.327,0.846175294583161,44.90718315689014,10.130653266331478,89.20720080112419,89.37885519857214,154.99795701420084,0.7618853963115926,Prime,Prime
269.3678191,55.3866312,NPM_1G+55.0300,11.49,14.1,68.30635460307515,1.075718191846495,8.201005025125482,True,2026-05-27T02:51:33.467,2026-05-27T11:00:00.000,2026-05-27T08:28:02.412,0.846175294583161,44.90718315689014,10.130653266331478,89.85263693667358,89.90592359488947,154.90799773618585,0.7610286412841246,Prime,Prime
216.8761642,54.1565886,RGB_J1427+541,13.31,15.84,69.64948482515054,1.0660890130749998,11.155778894472164,True,2026-05-26T23:25:19.598,2026-05-27T10:31:03.317,2026-05-27T04:58:11.457,0.846175294583161,44.90718315689014,10.130653266331478,67.0101830515929,67.0101830515929,152.60034780150693,0.7390508400761118,Prime,Prime
271.7111682,69.8244745,3C_371.0,12.52,14.43,53.86490693236988,1.2372374335909073,8.683417085426981,True,2026-05-27T02:22:36.784,2026-05-27T11:00:00.000,2026-05-27T08:35:16.583,0.846175294583161,44.90718315689014,10.130653266331478,95.14847553892803,95.14847553892803,152.56464865791446,0.7387110310155273,Prime,Prime
271.9077778,56.5309723,PGC_2539737,12.75,13.67,67.15679218198476,1.0845753065740982,8.080402010050108,True,2026-05-27T02:58:47.638,2026-05-27T11:00:00.000,2026-05-27T08:35:16.583,0.846175294583161,44.90718315689014,10.130653266331478,91.59910621002761,91.60171763703133,152.36803907983074,0.7368385588466552,Prime,Prime
214.9441569,54.387441,OQ_530,13.61,15.08,69.42061895582567,1.0676762729585352,11.216080402009851,True,2026-05-26T23:14:28.342,2026-05-27T10:23:49.146,2026-05-27T04:50:57.286,0.846175294583161,44.90718315689014,10.130653266331478,66.7831314147504,66.7831314147504,150.66834052350202,0.7206507707611249,Prime,Prime
214.1140604,23.2562601,RXS_J14164+2315,13.13,16.81,79.44311312866563,1.0168574369831436,9.105527638190793,True,2026-05-27T00:15:58.794,2026-05-27T09:18:41.608,2026-05-27T04:47:20.201,0.846175294583161,44.90718315689014,10.130653266331478,38.48766676724814,38.48766676724814,149.83824404540496,0.7127450900226124,Prime,Prime
276.48883333333333,-10.6145,AT2025lki,,,45.70993528571238,1.3954673145481165,4.944723618090364,True,2026-05-27T06:06:56.080,2026-05-27T11:00:00.000,2026-05-27T08:56:59.095,0.846175294583161,44.90718315689014,10.130653266331478,75.90192014435569,76.85768094414422,147.7869874815059,0.6932094964298346,Prime,Prime
280.14025,62.2139445,PGC_2632696,12.08,14.16,61.453628737473004,1.1377294210851803,7.778894472361671,True,2026-05-27T03:16:53.065,2026-05-27T11:00:00.000,2026-05-27T09:07:50.352,0.846175294583161,44.90718315689014,10.130653266331478,96.91417012171124,96.91417012171124,144.1355669234739,0.658434062125595,Prime,Prime
207.2336309,39.9851914,NGC_5311,8.13,9.7,83.83278406738147,1.00549631981585,10.251256281406853,True,2026-05-26T23:14:28.342,2026-05-27T09:25:55.779,2026-05-27T04:18:23.518,0.846175294583161,44.90718315689014,10.130653266331478,51.481237787218994,51.481237787218994,142.95781458893248,0.6472171904464219,Prime,Prime
284.30248333333327,-8.121263888888889,AT2024vgm,,,48.22345359418152,1.3396176263828055,4.58291457286424,True,2026-05-27T06:28:38.593,2026-05-27T11:00:00.000,2026-05-27T09:25:55.779,0.846175294583161,44.90718315689014,10.130653266331478,83.9498767700457,84.90200501331954,139.97333715014054,0.6187937789853538,Prime,Prime
284.456875,-4.374372222222222,AT2024syx,,,51.96942027939354,1.2684895784063384,4.82412060301499,True,2026-05-27T06:14:10.251,2026-05-27T11:00:00.000,2026-05-27T09:25:55.779,0.846175294583161,44.90718315689014,10.130653266331478,84.89236916268622,85.82827428912212,139.81894495570975,0.617323377103661,Prime,Prime
285.33600833333327,-8.761397222222222,AT2024suf,,,47.58516621549304,1.3531287976531823,4.4623115577888655,True,2026-05-27T06:35:52.764,2026-05-27T11:00:00.000,2026-05-27T09:29:32.864,0.846175294583161,44.90718315689014,10.130653266331478,84.8159442723384,85.77126942940481,138.93981179672642,0.6089506803752772,Prime,Prime
286.5377666666667,-5.933211111111111,AT2025nfc,,,50.416738196514295,1.296367274295601,4.58291457286424,True,2026-05-27T06:28:38.593,2026-05-27T11:00:00.000,2026-05-27T09:36:47.035,0.846175294583161,44.90718315689014,10.130653266331478,86.5815149037361,87.52664953443136,137.73805695285552,0.597505396168615,Prime,Prime
286.8410416666667,-14.033416666666666,AT2025mkj,,,42.31857590601397,1.4833778182790627,3.9798994974873665,True,2026-05-27T07:04:49.447,2026-05-27T11:00:00.000,2026-05-27T09:36:47.035,0.846175294583161,44.90718315689014,10.130653266331478,85.16392182074064,86.13500981091559,137.43478047283952,0.5946170487478417,Prime,Prime
286.8410416666667,-14.033416666666666,AT2025mkj,,,42.31857590601397,1.4833778182790627,3.9798994974873665,True,2026-05-27T07:04:49.447,2026-05-27T11:00:00.000,2026-05-27T09:36:47.035,0.846175294583161,44.90718315689014,10.130653266331478,85.16392182074064,86.13500981091559,137.43477934808027,0.5946170380040734,Prime,Prime
287.1861666666666,-12.844861111111111,AT2024ubw,,,43.506359873397706,1.4507776902206655,4.040201005025054,True,2026-05-27T07:01:12.362,2026-05-27T11:00:00.000,2026-05-27T09:36:47.035,0.846175294583161,44.90718315689014,10.130653266331478,85.73918942774723,86.70783030367251,137.08965289612195,0.5913301193483357,Prime,Prime
201.3056875,39.9314548,PGC_2157982,11.31,14.42,83.88949973532563,1.0053896434839757,10.070351758793791,True,2026-05-26T23:00:00.000,2026-05-27T09:00:36.181,2026-05-27T03:56:41.005,0.846175294583161,44.90718315689014,10.130653266331478,50.457746797462235,50.457746797462235,137.02987123285908,0.5907605870570343,Prime,Prime
287.3224583333333,4.894194444444444,AT2024uum,,,61.2436103526763,1.1400055759780523,5.185929648241114,True,2026-05-27T05:52:27.739,2026-05-27T11:00:00.000,2026-05-27T09:40:24.121,0.846175294583161,44.90718315689014,10.130653266331478,89.71953580907253,90.60350744806931,136.95336077164512,0.5900320990558401,Prime,Prime
287.52591666666666,4.202027777777778,AT2024uuj,,,60.55391199280241,1.1476536851014558,5.1256281407034265,True,2026-05-27T05:56:04.824,2026-05-27T11:00:00.000,2026-05-27T09:40:24.121,0.846175294583161,44.90718315689014,10.130653266331478,89.76437864569702,90.65354486826435,136.7499025037422,0.5880944012745756,Prime,Prime
287.68783333333334,4.702194444444444,AT2024uug,,,61.05504332693218,1.1420700836043323,5.1256281407034265,True,2026-05-27T05:56:04.824,2026-05-27T11:00:00.000,2026-05-27T09:40:24.121,0.846175294583161,44.90718315689014,10.130653266331478,90.03220857473666,90.91812011424207,136.58798585894658,0.586552337993794,Prime,Prime
287.84679166666666,3.984861111111111,AT2024uuf,,,60.33798717472969,1.1501035195209743,5.065326633165739,True,2026-05-27T05:59:41.910,2026-05-27T11:00:00.000,2026-05-27T09:40:24.121,0.846175294583161,44.90718315689014,10.130653266331478,90.02862157424971,90.91978120545262,136.42902754757318,0.5850384493174325,Prime,Prime
288.3287083333333,4.246138888888889,AT2024uul,,,60.59919414198303,1.1471433065814116,5.065326633165739,True,2026-05-27T05:59:41.910,2026-05-27T11:00:00.000,2026-05-27T09:44:01.206,0.846175294583161,44.90718315689014,10.130653266331478,90.5549866714947,91.44507966154401,135.94711079354977,0.5804487659336928,Prime,Prime
288.4923333333333,4.508083333333333,AT2024uuk,,,60.862624177442484,1.1441972560560842,5.065326633165739,True,2026-05-27T05:59:41.910,2026-05-27T11:00:00.000,2026-05-27T09:44:01.206,0.846175294583161,44.90718315689014,10.130653266331478,90.7716830384352,91.66020695234846,135.7834858152766,0.5788904328095176,Prime,Prime
288.934625,-0.7807222222222223,AT2024rjv,,,55.574370598169025,1.2114514586197318,4.763819095477302,True,2026-05-27T06:17:47.337,2026-05-27T11:00:00.000,2026-05-27T09:44:01.206,0.846175294583161,44.90718315689014,10.130653266331478,90.04037180692852,90.96268088499328,135.34119299229394,0.5746781200667258,Prime,Prime
199.4133318,41.2626666,PGC_2178259,10.11,13.01,82.55849329823661,1.0081597269542706,10.010050251256104,True,2026-05-26T23:00:00.000,2026-05-27T08:56:59.095,2026-05-27T03:49:26.834,0.846175294583161,44.90718315689014,10.130653266331478,51.59381464287484,51.59381464287484,135.1375155766666,0.5727381522386287,Prime,Prime
289.56566666666663,6.324277777777778,AT2024ppc,,,62.68164155316639,1.124899524988598,5.065326633165739,True,2026-05-27T05:59:41.910,2026-05-27T11:00:00.000,2026-05-27T09:47:38.291,0.846175294583161,44.90718315689014,10.130653266331478,92.21105675870317,93.08821867672168,134.71015215449933,0.5686682074278581,Prime,Prime
289.67937916666665,-9.418316666666666,AT2024und,,,46.94011884940243,1.367235912499011,4.160804020100429,True,2026-05-27T06:53:58.191,2026-05-27T11:00:00.000,2026-05-27T09:47:38.291,0.846175294583161,44.90718315689014,10.130653266331478,88.86400533389696,89.82469835183623,134.59644013469529,0.5675852358726459,Prime,Prime
290.1461249999999,10.450388888888888,AT2024vee,,,66.80699969310635,1.087386486837814,5.246231155778801,True,2026-05-27T05:48:50.653,2026-05-27T11:00:00.000,2026-05-27T09:51:15.377,0.846175294583161,44.90718315689014,10.130653266331478,93.65851393397523,94.50401888041795,134.1296955055529,0.5631400490371393,Prime,Prime
290.1480416666666,15.074916666666669,AT2024slv,,,71.43068925260363,1.0544646508434332,5.427135678391863,True,2026-05-27T05:37:59.397,2026-05-27T11:00:00.000,2026-05-27T09:51:15.377,0.846175294583161,44.90718315689014,10.130653266331478,94.62967473881946,95.43357214386913,134.1277787285216,0.5631217940116141,Prime,Prime
290.5118166666666,-12.1677,AT2024vcm,,,44.19315864153286,1.4328475340160705,3.8592964824119917,True,2026-05-27T07:12:03.618,2026-05-27T11:00:00.000,2026-05-27T09:51:15.377,0.846175294583161,44.90718315689014,10.130653266331478,89.05531579435387,90.02403555005365,133.76400232916774,0.5596572567341095,Prime,Prime
290.65377499999994,2.499005555555556,AT2024phi,,,58.85868553192602,1.1676223034472348,4.82412060301499,True,2026-05-27T06:14:10.251,2026-05-27T11:00:00.000,2026-05-27T09:51:15.377,0.846175294583161,44.90718315689014,10.130653266331478,92.43697874813675,93.34204850698804,133.6220439086419,0.558305271764314,Prime,Prime
290.71692083333335,-12.917638888888888,AT2025kvh,,,43.442961031229004,1.4524659718936785,3.7989949748743044,True,2026-05-27T07:15:40.704,2026-05-27T11:00:00.000,2026-05-27T09:51:15.377,0.846175294583161,44.90718315689014,10.130653266331478,89.08427697035887,90.05475677501246,133.55890104120022,0.557703911297287,Prime,Prime
290.71692083333335,-12.917638888888888,AT2025kvh,,,43.442961031229004,1.4524659718936785,3.7989949748743044,True,2026-05-27T07:15:40.704,2026-05-27T11:00:00.000,2026-05-27T09:51:15.377,0.846175294583161,44.90718315689014,10.130653266331478,89.08427697035887,90.05475677501246,133.5589001369707,0.557703902662185,Prime,Prime
291.06324583333327,-7.247019444444445,SN2024srk,,,49.11412182569605,1.321477986588116,4.221105527638116,True,2026-05-27T06:50:21.106,2026-05-27T11:00:00.000,2026-05-27T09:54:52.462,0.846175294583161,44.90718315689014,10.130653266331478,90.68016286347236,91.63451255047029,133.2125748270388,0.5544055663830748,Prime,Prime
291.1670458333333,-14.128080555555556,AT2025lhy,,,42.23439985095281,1.4857680299971452,3.6783919597989296,True,2026-05-27T07:22:54.874,2026-05-27T11:00:00.000,2026-05-27T09:54:52.462,0.846175294583161,44.90718315689014,10.130653266331478,89.24135502534925,90.21434554073787,133.10877597485273,0.5534170059039493,Prime,Prime
291.1670458333333,-14.128080555555556,AT2025lhy,,,42.23439985095281,1.4857680299971452,3.6783919597989296,True,2026-05-27T07:22:54.874,2026-05-27T11:00:00.000,2026-05-27T09:54:52.462,0.846175294583161,44.90718315689014,10.130653266331478,89.24135502534925,90.21434554073787,133.10877509248246,0.5534169974800486,Prime,Prime
291.3492,-9.356116666666669,AT2024sbq,,,47.00666587350119,1.3657589625952502,4.040201005025054,True,2026-05-27T07:01:12.362,2026-05-27T11:00:00.000,2026-05-27T09:54:52.462,0.846175294583161,44.90718315689014,10.130653266331478,90.48406404788234,91.44571784147045,132.92661755636493,0.5516821634768889,Prime,Prime
291.6142083333333,-6.397772222222223,SN2025mcn,,,49.96456906104001,1.3048990481192888,4.221105527638116,True,2026-05-27T06:50:21.106,2026-05-27T11:00:00.000,2026-05-27T09:54:52.462,0.846175294583161,44.90718315689014,10.130653266331478,91.40326803611391,92.35488996546482,132.66161402642257,0.549158320689523,Prime,Prime
196.7996562,11.8879264,PGC_1400322,13.09,16.0,68.05590007290719,1.077598698726086,8.201005025125482,True,2026-05-26T23:32:33.769,2026-05-27T07:41:00.302,2026-05-27T03:38:35.578,0.846175294583161,44.90718315689014,10.130653266331478,22.13498637436868,22.13498637436868,132.52383999882932,0.5478460038776987,Prime,Prime
292.22762499999993,-6.091888888888889,AT2024qea,,,50.27277880357255,1.2990627188484762,4.221105527638116,True,2026-05-27T06:50:21.106,2026-05-27T11:00:00.000,2026-05-27T09:58:29.548,0.846175294583161,44.90718315689014,10.130653266331478,92.0661265827792,93.01710058586377,132.0481936464289,0.5433162216198011,Prime,Prime
292.77637083333326,0.0052111111111111,AT2024shc,,,56.36877612991898,1.2001882798401513,4.522613065326553,True,2026-05-27T06:32:15.678,2026-05-27T11:00:00.000,2026-05-27T10:02:06.633,0.846175294583161,44.90718315689014,10.130653266331478,93.96050206430044,94.88319734652062,131.4994465919226,0.5380900590343085,Prime,Prime
292.7781166666666,11.243527777777777,AT2024pzz,,,67.6050872910106,1.081052295609145,5.1256281407034265,True,2026-05-27T05:56:04.824,2026-05-27T11:00:00.000,2026-05-27T10:02:06.633,0.846175294583161,44.90718315689014,10.130653266331478,96.35171072464685,97.19504978700293,131.49770202372235,0.5380734442617127,Prime,Prime
293.144875,6.797916666666667,AT2024qeb,,,63.16383294540355,1.1200799354523292,4.884422110552677,True,2026-05-27T06:10:33.166,2026-05-27T11:00:00.000,2026-05-27T10:02:06.633,0.846175294583161,44.90718315689014,10.130653266331478,95.78559865624169,96.66490324574816,131.13094362472543,0.5345805071224531,Prime,Prime
293.7462208333333,-1.6048194444444446,AT2024stq,,,54.76184702126413,1.223437119264484,4.402010050251178,True,2026-05-27T06:39:29.849,2026-05-27T11:00:00.000,2026-05-27T10:05:43.719,0.846175294583161,44.90718315689014,10.130653266331478,94.54925399634473,95.48165014898633,130.5295993403007,0.5288534188896294,Prime,Prime
294.0533291666667,-12.48841111111111,AT2025mgy,,,43.881100807545316,1.440913687010295,3.6180904522612423,True,2026-05-27T07:26:31.960,2026-05-27T11:00:00.000,2026-05-27T10:05:43.719,0.846175294583161,44.90718315689014,10.130653266331478,92.35081008639457,93.32196536597206,130.22249317105548,0.5259285982571203,Prime,Prime
294.98127916666664,-2.1931916666666664,AT2025kjz,,,54.177738693111905,1.2323547779133404,4.281407035175803,True,2026-05-27T06:46:44.020,2026-05-27T11:00:00.000,2026-05-27T10:09:20.804,0.846175294583161,44.90718315689014,10.130653266331478,95.62049460713301,96.55718567035329,129.29454228873055,0.5170909707832542,Prime,Prime
193.4458588,3.4417877,CGCG_43-56,12.71,15.59,59.60797220053848,1.158586340261805,7.417085427135547,True,2026-05-26T23:43:25.025,2026-05-27T07:04:49.447,2026-05-27T03:24:07.236,0.846175294583161,44.90718315689014,10.130653266331478,13.620567728064662,13.620567728064662,129.17004268605706,0.5159050771006004,Prime,Prime
295.56923333333333,10.168277777777778,AT2024sua,,,66.53759313070016,1.0895892776309,4.884422110552677,True,2026-05-27T06:10:33.166,2026-05-27T11:00:00.000,2026-05-27T10:12:57.889,0.846175294583161,44.90718315689014,10.130653266331478,98.8224048957788,99.67933181752696,128.70658681853865,0.5114913948705007,Prime,Prime
296.0572375,0.2660555555555555,AT2024pze,,,56.63893484638886,1.1964574758932167,4.341708542713491,True,2026-05-27T06:43:06.935,2026-05-27T11:00:00.000,2026-05-27T10:12:57.889,0.846175294583161,44.90718315689014,10.130653266331478,97.21777036164087,98.14306180099027,128.21858121209402,0.5068437222468593,Prime,Prime
296.06775,-12.035397222222224,AT2024slr,,,44.33839788484812,1.4291383600240388,3.4974874371858675,True,2026-05-27T07:33:46.131,2026-05-27T11:00:00.000,2026-05-27T10:12:57.889,0.846175294583161,44.90718315689014,10.130653266331478,94.37036596978102,95.34157499655035,128.2080673819077,0.506743590361337,Prime,Prime
296.6211666666666,17.563083333333335,AT2024sjy,,,73.9352573485153,1.0402165726560912,5.1256281407034265,True,2026-05-27T05:56:04.824,2026-05-27T11:00:00.000,2026-05-27T10:16:34.975,0.846175294583161,44.90718315689014,10.130653266331478,101.20069629407672,101.9916531825526,127.65465073705013,0.5014729556516646,Prime,Prime
296.63257083333326,-9.350055555555556,AT2025mxm,,,47.025085920811755,1.3653510335534766,3.6783919597989296,True,2026-05-27T07:22:54.874,2026-05-27T11:00:00.000,2026-05-27T10:16:34.975,0.846175294583161,44.90718315689014,10.130653266331478,95.55599735485899,96.52119543412073,127.64325294003248,0.5013644055739882,Prime,Prime
296.7846666666667,-9.4055,AT2024rkw,,,46.97019955830377,1.3665676765529835,3.6783919597989296,True,2026-05-27T07:22:54.874,2026-05-27T11:00:00.000,2026-05-27T10:16:34.975,0.846175294583161,44.90718315689014,10.130653266331478,95.68833718676291,96.65378512642741,127.49115130397081,0.49991581826846176,Prime,Prime
296.9961791666667,18.55095,AT2024vdv,,,74.92439283635252,1.0352348779689524,5.1256281407034265,True,2026-05-27T05:56:04.824,2026-05-27T11:00:00.000,2026-05-27T10:16:34.975,0.846175294583161,44.90718315689014,10.130653266331478,101.71988686208124,102.50133853838139,127.2796397854205,0.49790142297763723,Prime,Prime
297.2684916666666,-10.49973611111111,SN2025kvi,,,45.87547389728458,1.3915633895501955,3.557788944723555,True,2026-05-27T07:30:09.045,2026-05-27T11:00:00.000,2026-05-27T10:20:12.060,0.846175294583161,44.90718315689014,10.130653266331478,95.8856358163708,96.85414247456494,127.00733144260352,0.49530801038298966,Prime,Prime
297.32899166666664,-1.037838888888889,AT2025mhz,,,55.336735132159085,1.2149073312602237,4.221105527638116,True,2026-05-27T06:50:21.106,2026-05-27T11:00:00.000,2026-05-27T10:20:12.060,0.846175294583161,44.90718315689014,10.130653266331478,98.16680822107985,99.10044300785859,126.94683062698982,0.49473181212247525,Prime,Prime
297.44787499999995,12.10502222222222,AT2024son,,,68.47909705514495,1.0744369230176487,4.82412060301499,True,2026-05-27T06:14:10.251,2026-05-27T11:00:00.000,2026-05-27T10:20:12.060,0.846175294583161,44.90718315689014,10.130653266331478,101.00463329755934,101.84822434362192,126.8279453068908,0.4935995709491511,Prime,Prime
297.54496666666665,-10.971522222222225,AT2024twt,,,45.405893954811226,1.4027253528624997,3.4974874371858675,True,2026-05-27T07:33:46.131,2026-05-27T11:00:00.000,2026-05-27T10:20:12.060,0.846175294583161,44.90718315689014,10.130653266331478,96.03348106156967,97.0032165215614,126.73085307036774,0.49267488293461764,Prime,Prime
297.5910546,60.7983184,3HSPJ195021.9+604753,13.65,14.82,62.82746340387297,1.1234292610815009,6.572864321607923,True,2026-05-27T04:29:14.774,2026-05-27T11:00:00.000,2026-05-27T10:20:12.060,0.846175294583161,44.90718315689014,10.130653266331478,105.18635658905163,105.18635658905163,126.68476236729316,0.49223592350023615,Prime,Prime
297.6260541666666,8.338416666666667,SN2024pfr,,,64.7145504391196,1.1053804318610998,4.643216080401928,True,2026-05-27T06:25:01.508,2026-05-27T11:00:00.000,2026-05-27T10:20:12.060,0.846175294583161,44.90718315689014,10.130653266331478,100.44873531482698,101.32332973083929,126.64976476376074,0.49190261324320145,Prime,Prime
297.88590416666665,-5.553566666666667,AT2025lfo,,,50.823926512860574,1.2888470769577682,3.8592964824119917,True,2026-05-27T07:12:03.618,2026-05-27T11:00:00.000,2026-05-27T10:20:12.060,0.846175294583161,44.90718315689014,10.130653266331478,97.66721220185822,98.62116923864116,126.389917663424,0.48942787913100844,Prime,Prime
298.17266666666666,-14.16581388888889,AT2024rxk,,,42.21194214418289,1.4864075650812134,3.1959798994974307,True,2026-05-27T07:51:51.558,2026-05-27T11:00:00.000,2026-05-27T10:23:49.146,0.846175294583161,44.90718315689014,10.130653266331478,95.8290058091058,96.80452404943482,126.10315097684213,0.48669676749064666,Prime,Prime
298.6289208333333,0.663988888888889,AT2024slu,,,57.04313848127134,1.1909677512295391,4.221105527638116,True,2026-05-27T06:50:21.106,2026-05-27T11:00:00.000,2026-05-27T10:23:49.146,0.846175294583161,44.90718315689014,10.130653266331478,99.81349976008426,100.7397582492978,125.64689652688105,0.4823514869758832,Prime,Prime
298.8182,-1.353663888888889,SN2025mhq,,,55.025500029191825,1.2194952079448003,4.100502512562741,True,2026-05-27T06:57:35.276,2026-05-27T11:00:00.000,2026-05-27T10:23:49.146,0.846175294583161,44.90718315689014,10.130653266331478,99.5457592394771,100.48264316718777,125.45762390549578,0.48054889096337744,Prime,Prime
299.99693333333335,12.495641666666666,AT2024pse,,,68.87294479636536,1.071563328575963,4.703517587939615,True,2026-05-27T06:21:24.422,2026-05-27T11:00:00.000,2026-05-27T10:31:03.317,0.846175294583161,44.90718315689014,10.130653266331478,103.52441381482303,104.36853829290911,124.27888540058143,0.4693228097588503,Prime,Prime
299.9993857,65.1485143,1ES_1959+650,12.1,15.46,58.47269152143082,1.172410843540714,6.572864321607923,True,2026-05-27T04:29:14.774,2026-05-27T11:00:00.000,2026-05-27T10:27:26.231,0.846175294583161,44.90718315689014,10.130653266331478,105.65681682042607,105.65681682042607,124.27643128920948,0.4692994370454255,Prime,Prime
300.1181458333333,-3.009533333333333,AT2024uah,,,53.37221412438044,1.2450816804663403,3.919597989949679,True,2026-05-27T07:08:26.533,2026-05-27T11:00:00.000,2026-05-27T10:31:03.317,0.846175294583161,44.90718315689014,10.130653266331478,100.42853165404772,101.3744135417461,124.1576737512911,0.46816841320954944,Prime,Prime
300.16012499999994,13.52475,AT2024uun,,,69.90462177124746,1.0643450634449638,4.703517587939615,True,2026-05-27T06:21:24.422,2026-05-27T11:00:00.000,2026-05-27T10:31:03.317,0.846175294583161,44.90718315689014,10.130653266331478,103.86206282010271,104.69727576486768,124.1156940833086,0.46776860678183346,Prime,Prime
300.281125,5.256597222222222,AT2024vsx,,,61.63876938942653,1.1357430148795613,4.341708542713491,True,2026-05-27T06:43:06.935,2026-05-27T11:00:00.000,2026-05-27T10:31:03.317,0.846175294583161,44.90718315689014,10.130653266331478,102.40757188780036,103.30810388372042,123.99469543943997,0.46661623887854214,Prime,Prime
300.87775416666665,-1.157063888888889,AT2024qfs,,,55.22474688167953,1.2165500358588837,3.919597989949679,True,2026-05-27T07:08:26.533,2026-05-27T11:00:00.000,2026-05-27T10:34:40.402,0.846175294583161,44.90718315689014,10.130653266331478,101.59529009133749,102.53352697595754,123.39806443624809,0.46093403865720306,Prime,Prime
300.9478208333333,-11.8549,AT2024sdw,,,44.52925036447359,1.4243071603819448,3.1959798994974307,True,2026-05-27T07:51:51.558,2026-05-27T11:00:00.000,2026-05-27T10:34:40.402,0.846175294583161,44.90718315689014,10.130653266331478,99.03652067303845,100.00968040381291,123.3279966793163,0.46026672654670836,Prime,Prime
301.14729166666666,13.284472222222222,AT2024sdx,,,69.66739964279344,1.065965683319386,4.643216080401928,True,2026-05-27T06:25:01.508,2026-05-27T11:00:00.000,2026-05-27T10:34:40.402,0.846175294583161,44.90718315689014,10.130653266331478,104.76641055598807,105.60526182981282,123.12852582410352,0.4583670041135395,Prime,Prime
301.9860083333333,-8.012627777777778,AT2025jxm,,,48.37417947491371,1.3364903230077685,3.43718592964818,True,2026-05-27T07:37:23.216,2026-05-27T11:00:00.000,2026-05-27T10:38:17.487,0.846175294583161,44.90718315689014,10.130653266331478,101.0138807880189,101.97908428228133,122.28981318794195,0.450379265061793,Prime,Prime
302.02504583333325,-0.2370472222222222,AT2024ume,,,56.14921141448665,1.203257275383449,3.919597989949679,True,2026-05-27T07:08:26.533,2026-05-27T11:00:00.000,2026-05-27T10:38:17.487,0.846175294583161,44.90718315689014,10.130653266331478,102.92172581013503,103.85673791944279,122.25077353357813,0.4500074587258398,Prime,Prime
302.494275,-10.461372222222222,AT2025ixp,,,45.9265247621411,1.390366173326262,3.1959798994974307,True,2026-05-27T07:51:51.558,2026-05-27T11:00:00.000,2026-05-27T10:38:17.487,0.846175294583161,44.90718315689014,10.130653266331478,100.86578503169514,101.83712010529342,121.78154672000761,0.4455386320444653,Prime,Prime
302.6705583333333,-6.244744444444445,AT2024rdg,,,50.14173487179271,1.301533225823288,3.4974874371858675,True,2026-05-27T07:33:46.131,2026-05-27T11:00:00.000,2026-05-27T10:38:17.487,0.846175294583161,44.90718315689014,10.130653266331478,102.1162550803391,103.07670533129034,121.6052597895029,0.44385970863237934,Prime,Prime
302.6942041666666,-7.733175,AT2025lvz,,,48.65372236173792,1.3307529264857247,3.43718592964818,True,2026-05-27T07:37:23.216,2026-05-27T11:00:00.000,2026-05-27T10:41:54.573,0.846175294583161,44.90718315689014,10.130653266331478,101.7633441772677,102.72828149637724,121.58161828133802,0.44363455168771193,Prime,Prime
302.8013208333333,-0.0844583333333333,AT2024rwy,,,56.302541866028506,1.201110576760707,3.8592964824119917,True,2026-05-27T07:12:03.618,2026-05-27T11:00:00.000,2026-05-27T10:41:54.573,0.846175294583161,44.90718315689014,10.130653266331478,103.71231708888398,104.64745933306611,121.47449687578194,0.4426143474890285,Prime,Prime
302.8940916666666,-11.246899999999998,AT2024sbp,,,45.14225215230562,1.4091124186751192,3.1356783919597433,True,2026-05-27T07:55:28.643,2026-05-27T11:00:00.000,2026-05-27T10:41:54.573,0.846175294583161,44.90718315689014,10.130653266331478,101.03607040268066,102.00907730920272,121.38172591136481,0.4417308144815187,Prime,Prime
302.917525,2.632597222222222,AT2024rsn,,,59.02039996764816,1.1656433655689682,4.040201005025054,True,2026-05-27T07:01:12.362,2026-05-27T11:00:00.000,2026-05-27T10:41:54.573,0.846175294583161,44.90718315689014,10.130653266331478,104.42650536450931,105.34700017278135,121.35829283982184,0.44150764240168505,Prime,Prime
302.91991249999995,-8.12953888888889,SN2025lfn,,,48.25945967998134,1.3388683942545903,3.376884422110493,True,2026-05-27T07:41:00.302,2026-05-27T11:00:00.000,2026-05-27T10:41:54.573,0.846175294583161,44.90718315689014,10.130653266331478,101.87796126932734,102.84413540728006,121.35591058737896,0.4414849546158009,Prime,Prime
185.3820427,28.2329168,ON_231,13.85,14.78,84.39678635227659,1.0044801995788095,8.623115577889294,True,2026-05-26T23:00:00.000,2026-05-27T07:33:46.131,2026-05-27T02:51:33.467,0.846175294583161,44.90718315689014,10.130653266331478,39.38164586711267,39.38164586711267,121.10622660810247,0.43910682873989476,Prime,Prime
303.71436666666665,5.2694777777777775,AT2024sde,,,61.65771303166348,1.1355408229485664,4.100502512562741,True,2026-05-27T06:57:35.276,2026-05-27T11:00:00.000,2026-05-27T10:45:31.658,0.846175294583161,44.90718315689014,10.130653266331478,105.75637589999494,106.66149481788018,120.56145086775678,0.4339186712019877,Prime,Prime
303.7955458333333,-8.481058333333333,AT2025ixr,,,47.909733975875405,1.346203756920212,3.256281407035118,True,2026-05-27T07:48:14.472,2026-05-27T11:00:00.000,2026-05-27T10:45:31.658,0.846175294583161,44.90718315689014,10.130653266331478,102.62366261759946,103.5913335717367,120.48027586453509,0.43314557627649525,Prime,Prime
303.82244999999995,-12.490725,AT2025kvd,,,43.900668263982936,1.4404039868255054,2.954773869346681,True,2026-05-27T08:06:19.899,2026-05-27T11:00:00.000,2026-05-27T10:45:31.658,0.846175294583161,44.90718315689014,10.130653266331478,101.57313819204676,102.54843535242718,120.45337189662433,0.43288934801740014,Prime,Prime
254.32893333333328,-23.08770277777778,AT2025nqu,,,33.180726801627046,1.823061541927141,2.7135678391959317,True,2026-05-27T06:06:56.080,2026-05-27T08:46:07.839,2026-05-27T07:26:31.960,0.846175294583161,44.90718315689014,10.130653266331478,53.62595371543764,54.60417840057379,169.94688783596303,0.9042561664585351,Prime,Secondary
229.4242231,-24.3720784,AP_LIB,12.64,15.01,31.839664584926254,1.8908486135527205,2.0502512562813706,True,2026-05-27T04:47:20.201,2026-05-27T06:46:44.020,2026-05-27T05:48:50.653,0.846175294583161,44.90718315689014,10.130653266331478,31.27009790901265,32.24311861438821,165.1484066578604,0.8585561625096537,Prime,Secondary
262.4572083333333,-14.991222222222222,AT2025mvf,,,41.297836577175076,1.5131122061989815,4.884422110552677,True,2026-05-27T05:34:22.312,2026-05-27T10:23:49.146,2026-05-27T07:59:05.729,0.846175294583161,44.90718315689014,10.130653266331478,61.71952710785612,62.683328010250875,161.81861276976798,0.8268440229720974,Prime,Secondary
276.02225,-22.55977777777778,AT2025ljk,,,33.764955912757735,1.79532051112509,2.954773869346681,True,2026-05-27T07:26:31.960,2026-05-27T10:20:12.060,2026-05-27T08:53:22.010,0.846175294583161,44.90718315689014,10.130653266331478,73.60086486975922,74.57917095553134,148.25357083700197,0.6976531474326596,Prime,Secondary
280.248875,-22.667,AT2025mhg,,,33.668664935075995,1.7998219051863584,2.894472361808994,True,2026-05-27T07:44:37.387,2026-05-27T10:34:40.402,2026-05-27T09:11:27.437,0.846175294583161,44.90718315689014,10.130653266331478,77.44977890481184,78.42805398781144,144.0269473155946,0.6573995901099849,Prime,Secondary
280.248875,-22.667,AT2025mhg,,,33.668664935075995,1.7998219051863584,2.894472361808994,True,2026-05-27T07:44:37.387,2026-05-27T10:34:40.402,2026-05-27T09:11:27.437,0.846175294583161,44.90718315689014,10.130653266331478,77.44977890481184,78.42805398781144,144.02694603687445,0.6573995778973524,Prime,Secondary
283.16025,-14.989305555555555,AT2025khr,,,41.35352395699513,1.5114469864892948,4.100502512562741,True,2026-05-27T06:57:35.276,2026-05-27T11:00:00.000,2026-05-27T09:22:18.693,0.846175294583161,44.90718315689014,10.130653266331478,81.48207050745634,82.45364017745068,141.11557147712574,0.6296722011506946,Prime,Secondary
283.16025,-14.989305555555555,AT2025khr,,,41.35352395699513,1.5114469864892948,4.100502512562741,True,2026-05-27T06:57:35.276,2026-05-27T11:00:00.000,2026-05-27T09:22:18.693,0.846175294583161,44.90718315689014,10.130653266331478,81.48207050745634,82.45364017745068,141.11557072662401,0.6296721939989229,Prime,Secondary
284.09825,-15.576416666666669,AT2025ljj,,,40.768808303273524,1.5291885120485325,3.9798994974873665,True,2026-05-27T07:04:49.447,2026-05-27T11:00:00.000,2026-05-27T09:25:55.779,0.846175294583161,44.90718315689014,10.130653266331478,82.25785735989513,83.2308527724774,140.17757176406167,0.6207388705607346,Prime,Secondary
284.09825,-15.576416666666669,AT2025ljj,,,40.768808303273524,1.5291885120485325,3.9798994974873665,True,2026-05-27T07:04:49.447,2026-05-27T11:00:00.000,2026-05-27T09:25:55.779,0.846175294583161,44.90718315689014,10.130653266331478,82.25785735989513,83.2308527724774,140.17757085915133,0.6207388619288893,Prime,Secondary
290.0168833333333,-17.095038888888887,AT2025jsn,,,39.263736451551594,1.577597109429672,3.43718592964818,True,2026-05-27T07:37:23.216,2026-05-27T11:00:00.000,2026-05-27T09:51:15.377,0.846175294583161,44.90718315689014,10.130653266331478,87.50727676047393,88.48393587674288,134.2589382321603,0.5643709321528274,Prime,Secondary
290.0168833333333,-17.095038888888887,AT2025jsn,,,39.263736451551594,1.577597109429672,3.43718592964818,True,2026-05-27T07:37:23.216,2026-05-27T11:00:00.000,2026-05-27T09:51:15.377,0.846175294583161,44.90718315689014,10.130653266331478,87.50727676047393,88.48393587674288,134.25893743737987,0.564370924576672,Prime,Secondary
290.6568458333333,-23.90251111111111,AT2025mwc,,,32.459042398731086,1.8588013502894898,2.3517587939698075,True,2026-05-27T08:42:30.754,2026-05-27T11:00:00.000,2026-05-27T09:51:15.377,0.846175294583161,44.90718315689014,10.130653266331478,86.62265939403359,87.59917706284345,133.61897718813407,0.5582760650916937,Prime,Secondary
290.6568458333333,-23.90251111111111,AT2025mwc,,,32.459042398731086,1.8588013502894898,2.3517587939698075,True,2026-05-27T08:42:30.754,2026-05-27T11:00:00.000,2026-05-27T09:51:15.377,0.846175294583161,44.90718315689014,10.130653266331478,86.62265939403359,87.59917706284345,133.61897524772257,0.5582760465713293,Prime,Secondary
290.79562916666663,-20.688441666666662,AT2025mky,,,35.67244789329593,1.7115158501063,2.954773869346681,True,2026-05-27T08:06:19.899,2026-05-27T11:00:00.000,2026-05-27T09:51:15.377,0.846175294583161,44.90718315689014,10.130653266331478,87.44437303258034,88.42265670401397,133.4801929283866,0.5569543102308075,Prime,Secondary
290.79562916666663,-20.688441666666662,AT2025mky,,,35.67244789329593,1.7115158501063,2.954773869346681,True,2026-05-27T08:06:19.899,2026-05-27T11:00:00.000,2026-05-27T09:51:15.377,0.846175294583161,44.90718315689014,10.130653266331478,87.44437303258034,88.42265670401397,133.4801918258471,0.556954299696772,Prime,Secondary
291.21835,-17.035819444444446,AT2025jsm,,,39.32713436062256,1.5754743654429155,3.376884422110493,True,2026-05-27T07:41:00.302,2026-05-27T11:00:00.000,2026-05-27T09:54:52.462,0.846175294583161,44.90718315689014,10.130653266331478,88.64068505364054,89.61752985640862,133.0574715875859,0.5529283926818082,Prime,Secondary
291.21835,-17.035819444444446,AT2025jsm,,,39.32713436062256,1.5754743654429155,3.376884422110493,True,2026-05-27T07:41:00.302,2026-05-27T11:00:00.000,2026-05-27T09:54:52.462,0.846175294583161,44.90718315689014,10.130653266331478,88.64068505364054,89.61752985640862,133.05747079274687,0.5529283851046481,Prime,Secondary
195.2437123,-23.2044105,MRC_1258-229,13.25,17.28,32.96098709479711,1.8337672856693064,2.592964824120557,True,2026-05-27T02:15:22.613,2026-05-27T04:47:20.201,2026-05-27T03:31:21.407,0.846175294583161,44.90718315689014,10.130653266331478,11.008467733651383,11.107802792542754,130.96789614256807,0.533027490964965,Prime,Secondary
293.46805,-18.836827777777778,SN2025myo,,,37.530704204476116,1.6387109524546182,3.0150753768843686,True,2026-05-27T08:02:42.814,2026-05-27T11:00:00.000,2026-05-27T10:02:06.633,0.846175294583161,44.90718315689014,10.130653266331478,90.31311417117949,91.29129726119491,130.80777375136722,0.5315026990148405,Prime,Secondary
293.46805,-18.836827777777778,SN2025myo,,,37.530704204476116,1.6387109524546182,3.0150753768843686,True,2026-05-27T08:02:42.814,2026-05-27T11:00:00.000,2026-05-27T10:02:06.633,0.846175294583161,44.90718315689014,10.130653266331478,90.31311417117949,91.29129726119491,130.80777112485328,0.5315026739736768,Prime,Secondary
293.6041625,-17.09293333333333,AT2024uds,,,39.27422958279116,1.5772452425593309,3.1959798994974307,True,2026-05-27T07:51:51.558,2026-05-27T11:00:00.000,2026-05-27T10:05:43.719,0.846175294583161,44.90718315689014,10.130653266331478,90.84779688770642,91.82512734073772,130.67165699759448,0.5302063488755521,Prime,Secondary
293.8703083333333,-16.735905555555558,AT2024prc,,,39.63325903711887,1.5653308179529273,3.1959798994974307,True,2026-05-27T07:51:51.558,2026-05-27T11:00:00.000,2026-05-27T10:05:43.719,0.846175294583161,44.90718315689014,10.130653266331478,91.1792514884199,92.15635112511191,130.40551042243914,0.5276716194942932,Prime,Secondary
295.38622083333325,-19.973002777777776,AT2025mah,,,36.398517775508274,1.6821042659447705,2.7135678391959317,True,2026-05-27T08:20:48.241,2026-05-27T11:00:00.000,2026-05-27T10:12:57.889,0.846175294583161,44.90718315689014,10.130653266331478,91.79702385674995,92.77525923775156,128.88960157036087,0.5132343925394447,Prime,Secondary
295.9294083333333,-25.05150833333333,AT2025maw,,,31.323319457503242,1.9185911078855402,1.6884422110552464,True,2026-05-27T09:22:18.693,2026-05-27T11:00:00.000,2026-05-27T10:12:57.889,0.846175294583161,44.90718315689014,10.130653266331478,91.02186228816996,91.99532729824472,128.34641404825504,0.5080611780434543,Prime,Secondary
296.34605416666665,-19.12683611111111,AT2025mtk,,,37.247217186405074,1.649305423308657,2.773869346733619,True,2026-05-27T08:17:11.156,2026-05-27T11:00:00.000,2026-05-27T10:16:34.975,0.846175294583161,44.90718315689014,10.130653266331478,92.88304611992938,93.86134364947532,127.92976779612741,0.5040931184915567,Prime,Secondary
296.9350083333333,-18.46583611111111,AT2024urt,,,37.910622715143624,1.6247852453146834,2.8341708542713064,True,2026-05-27T08:13:34.070,2026-05-27T11:00:00.000,2026-05-27T10:16:34.975,0.846175294583161,44.90718315689014,10.130653266331478,93.58905688761388,94.56732500050789,127.3408109462431,0.4984840055022822,Prime,Secondary
297.1400958333333,-17.705777777777776,AT2024txn,,,38.670058475380905,1.597850879875128,2.894472361808994,True,2026-05-27T08:09:56.985,2026-05-27T11:00:00.000,2026-05-27T10:16:34.975,0.846175294583161,44.90718315689014,10.130653266331478,93.97021883634744,94.948325175837,127.1357238819021,0.4965307954229621,Prime,Secondary
297.511,-15.251386111111112,SN2024sry,,,41.12624268049879,1.5182754804318268,3.1356783919597433,True,2026-05-27T07:55:28.643,2026-05-27T11:00:00.000,2026-05-27T10:20:12.060,0.846175294583161,44.90718315689014,10.130653266331478,94.93520526850752,95.91175423899654,126.76482021752543,0.4929983796275613,Prime,Secondary
298.0557166666666,-14.65300277777778,AT2025nqj,,,41.72462311160517,1.500478570426298,3.1356783919597433,True,2026-05-27T07:55:28.643,2026-05-27T11:00:00.000,2026-05-27T10:20:12.060,0.846175294583161,44.90718315689014,10.130653266331478,95.59577704683102,96.5718384079771,126.22010759191141,0.4878106403650923,Prime,Secondary
298.5897499999999,-18.714233333333333,SN2025lsr,,,37.666370052119646,1.6337027425940198,2.6532663316582443,True,2026-05-27T08:24:25.327,2026-05-27T11:00:00.000,2026-05-27T10:23:49.146,0.846175294583161,44.90718315689014,10.130653266331478,95.04011626171369,96.01840662930526,125.68607299926941,0.48272459662588507,Prime,Secondary
298.9008375,-17.58356388888889,AT2024swu,,,38.796671403137665,1.5934736700903431,2.773869346733619,True,2026-05-27T08:17:11.156,2026-05-27T11:00:00.000,2026-05-27T10:23:49.146,0.846175294583161,44.90718315689014,10.130653266331478,95.62263211406902,96.60082909803434,125.37498252077472,0.47976183011403517,Prime,Secondary
298.93785,-21.414116666666665,AT2025jqw,,,34.96630379887581,1.7413920392852158,2.29145728643212,True,2026-05-27T08:46:07.839,2026-05-27T11:00:00.000,2026-05-27T10:23:49.146,0.846175294583161,44.90718315689014,10.130653266331478,94.63748419534498,95.6145248070478,125.33797160955919,0.4794093452739308,Prime,Secondary
299.1518458333333,-18.718208333333333,AT2024qkj,,,37.66280846820542,1.6338337146311928,2.6532663316582443,True,2026-05-27T08:24:25.327,2026-05-27T11:00:00.000,2026-05-27T10:27:26.231,0.846175294583161,44.90718315689014,10.130653266331478,95.55242485630403,96.5307029272819,125.12397257314933,0.4773712589872952,Prime,Secondary
300.0242041666666,-25.80278888888889,SN2025mjq,,,30.580812512020728,1.960218927631489,1.14572864321606,True,2026-05-27T09:54:52.462,2026-05-27T11:00:00.000,2026-05-27T10:31:03.317,0.846175294583161,44.90718315689014,10.130653266331478,94.38583435510517,95.35595342891813,124.25161971666637,0.4690631367868437,Prime,Secondary
300.03697916666664,-14.944611111111112,AT2024ssm,,,41.43784568002648,1.5089351611398079,3.0150753768843686,True,2026-05-27T08:02:42.814,2026-05-27T11:00:00.000,2026-05-27T10:31:03.317,0.846175294583161,44.90718315689014,10.130653266331478,97.37030845662197,98.3471801371616,124.23884102894249,0.46894143497183527,Prime,Secondary
302.0746541666666,-18.04041666666667,AT2024qhj,,,38.34787709264693,1.6091335889873346,2.5326633165828696,True,2026-05-27T08:31:39.497,2026-05-27T11:00:00.000,2026-05-27T10:38:17.487,0.846175294583161,44.90718315689014,10.130653266331478,98.40541714530649,99.3836800876815,122.20116437066514,0.44953499040314543,Prime,Secondary
302.36819166666663,-18.05265555555556,AT2024udm,,,38.33614899349983,1.6095482601774769,2.5326633165828696,True,2026-05-27T08:31:39.497,2026-05-27T11:00:00.000,2026-05-27T10:38:17.487,0.846175294583161,44.90718315689014,10.130653266331478,98.66964025652038,99.64788923673375,121.90762785267987,0.44673940464218187,Prime,Secondary
303.2535166666666,-21.930525000000003,AT2025mwy,,,34.460604272620905,1.763600522004935,1.9296482412059959,True,2026-05-27T09:07:50.352,2026-05-27T11:00:00.000,2026-05-27T10:41:54.573,0.846175294583161,44.90718315689014,10.130653266331478,98.33668663573206,99.31189713619767,121.02230715077826,0.43830777901223317,Prime,Secondary
303.83959583333325,-23.144063888888887,AT2025nah,,,33.248462404593056,1.8197918704345228,1.628140703517559,True,2026-05-27T09:25:55.779,2026-05-27T11:00:00.000,2026-05-27T10:45:31.658,0.846175294583161,44.90718315689014,10.130653266331478,98.48614645685474,99.45928129945239,120.43622787404036,0.43272607161372345,Prime,Secondary
304.1951375,-22.289611111111117,SN2025lxh,,,34.10350047551096,1.7797102630368822,1.8090452261306211,True,2026-05-27T09:15:04.523,2026-05-27T11:00:00.000,2026-05-27T10:45:31.658,0.846175294583161,44.90718315689014,10.130653266331478,99.05964510318483,100.03396684342744,120.08068642760998,0.4293399626023361,Prime,Secondary
304.3138875,-3.889483333333333,AT2024rdx,,,52.50174916768846,1.25941525853885,3.557788944723555,True,2026-05-27T07:30:09.045,2026-05-27T11:00:00.000,2026-05-27T10:45:31.658,0.846175294583161,44.90718315689014,10.130653266331478,104.284812861869,105.2384310193532,119.9619306011781,0.4282089544538329,Secondary,Secondary
184.0258732,9.4860049,RXS_J12161+0929,13.34,16.35,65.6477997195394,1.097101396087052,7.778894472361671,True,2026-05-26T23:00:00.000,2026-05-27T06:43:06.935,2026-05-27T02:47:56.382,0.846175294583161,44.90718315689014,10.130653266331478,22.24335900886949,22.24335900886949,119.75005713006408,0.42619092895052163,Secondary,Secondary
304.6863458333333,-13.713916666666666,AT2024rqc,,,42.67928362070556,1.473257368508055,2.773869346733619,True,2026-05-27T08:17:11.156,2026-05-27T11:00:00.000,2026-05-27T10:49:08.744,0.846175294583161,44.90718315689014,10.130653266331478,102.03929801361363,103.01621108140861,119.58947207191898,0.4246617303361274,Secondary,Secondary
305.1742583333333,12.660852777777778,AT2024rsa,,,69.05272554651907,1.0702734693760976,4.341708542713491,True,2026-05-27T06:43:06.935,2026-05-27T11:00:00.000,2026-05-27T10:49:08.744,0.846175294583161,44.90718315689014,10.130653266331478,108.53131264952637,109.38145194345532,119.10155955003961,0.4200149444123326,Secondary,Secondary
305.19232083333327,13.460888888888888,AT2024ujk,,,69.85257969014609,1.0646986150233821,4.341708542713491,True,2026-05-27T06:43:06.935,2026-05-27T11:00:00.000,2026-05-27T10:49:08.744,0.846175294583161,44.90718315689014,10.130653266331478,108.67678381558112,109.51979588250535,119.08349857699659,0.4198429353364358,Secondary,Secondary
305.255025,0.48365,AT2024sqw,,,56.87623344753221,1.1932212943583214,3.738693467336617,True,2026-05-27T07:19:17.789,2026-05-27T11:00:00.000,2026-05-27T10:49:08.744,0.846175294583161,44.90718315689014,10.130653266331478,106.23070026748437,107.16582197094903,119.02079524040414,0.4192457607921342,Secondary,Secondary
305.3793125,-9.227675,AT2024tbb,,,47.165112986848015,1.3622625208457904,3.1356783919597433,True,2026-05-27T07:55:28.643,2026-05-27T11:00:00.000,2026-05-27T10:49:08.744,0.846175294583161,44.90718315689014,10.130653266331478,103.93405991692651,104.90445749767213,118.89650741195089,0.4180620671561699,Secondary,Secondary
305.42395,7.75215,AT2024qgt,,,64.14231097041944,1.1106652267103927,4.100502512562741,True,2026-05-27T06:57:35.276,2026-05-27T11:00:00.000,2026-05-27T10:49:08.744,0.846175294583161,44.90718315689014,10.130653266331478,107.9095878601692,108.79973360601495,118.85186858097495,0.41763693527286705,Secondary,Secondary
305.4662,-14.580130555555556,SN2024qgw,,,41.814103624782845,1.4978668891020863,2.6532663316582443,True,2026-05-27T08:24:25.327,2026-05-27T11:00:00.000,2026-05-27T10:52:45.829,0.846175294583161,44.90718315689014,10.130653266331478,102.51507392925339,103.49278763324355,118.80961855923636,0.4172345541080707,Secondary,Secondary
305.4819333333333,-0.7897,AT2024rsj,,,55.60278870202389,1.2110408852200107,3.6783919597989296,True,2026-05-27T07:22:54.874,2026-05-27T11:00:00.000,2026-05-27T10:52:45.829,0.846175294583161,44.90718315689014,10.130653266331478,106.1589319715732,107.10055645942619,118.79388452827578,0.41708470610534937,Secondary,Secondary
305.9864041666666,15.701430555555556,AT2024qpg,,,72.09531051954768,1.0504499879076097,4.402010050251178,True,2026-05-27T06:39:29.849,2026-05-27T11:00:00.000,2026-05-27T10:52:45.829,0.846175294583161,44.90718315689014,10.130653266331478,109.77230821354101,110.59531917890968,118.28941419600847,0.41228022681945103,Secondary,Secondary
182.5331947,35.8776183,NGC_4148,12.68,12.6,87.95684780648875,1.000337450106836,8.683417085426981,True,2026-05-26T23:00:00.000,2026-05-27T07:37:23.216,2026-05-27T02:40:42.211,0.846175294583161,44.90718315689014,10.130653266331478,47.39167078937016,47.39167078937016,118.25737865206258,0.41197494344472335,Secondary,Secondary
306.1544875,6.136472222222222,AT2024sgu,,,62.53044559724006,1.1264357408310437,3.9798994974873665,True,2026-05-27T07:04:49.447,2026-05-27T11:00:00.000,2026-05-27T10:52:45.829,0.846175294583161,44.90718315689014,10.130653266331478,108.3087264595468,109.21130073931332,118.12132994713534,0.41067942432474636,Secondary,Secondary
306.2789458333333,-19.268172222222223,AT2024usd,,,37.127712559812856,1.6538247040980263,2.110552763819058,True,2026-05-27T08:56:59.095,2026-05-27T11:00:00.000,2026-05-27T10:56:22.915,0.846175294583161,44.90718315689014,10.130653266331478,101.84567707200844,102.8227565628329,117.99687342431673,0.4094941243422925,Secondary,Secondary
306.2970041666666,-22.51045555555556,AT2025mwt,,,33.88603337476211,1.7896992569002441,1.628140703517559,True,2026-05-27T09:25:55.779,2026-05-27T11:00:00.000,2026-05-27T10:56:22.915,0.846175294583161,44.90718315689014,10.130653266331478,100.8352906448185,101.80822474916397,117.97881967282194,0.4093221839856591,Secondary,Secondary
306.33050833333334,-2.4999444444444445,AT2025ndr,,,53.894005077402404,1.2367800893804441,3.4974874371858675,True,2026-05-27T07:33:46.131,2026-05-27T11:00:00.000,2026-05-27T10:56:22.915,0.846175294583161,44.90718315689014,10.130653266331478,106.57611395850708,107.52620143686276,117.94531530815215,0.40900309479216373,Secondary,Secondary
306.4316875,-19.73350555555556,SN2025kxz,,,36.66373459183974,1.6716765495607462,2.0502512562813706,True,2026-05-27T09:00:36.181,2026-05-27T11:00:00.000,2026-05-27T10:56:22.915,0.846175294583161,44.90718315689014,10.130653266331478,101.83697539143063,102.8135943208862,117.84413435221819,0.40803946664298274,Secondary,Secondary
306.6440916666666,-4.116286111111111,SN2025nox,,,52.280624334152066,1.2631556641770851,3.376884422110493,True,2026-05-27T07:41:00.302,2026-05-27T11:00:00.000,2026-05-27T10:56:22.915,0.846175294583161,44.90718315689014,10.130653266331478,106.48033311288701,107.43698791079888,117.6317326139316,0.4060165929553147,Secondary,Secondary
306.90612083333326,11.615838888888888,AT2024rvx,,,68.01190243325347,1.0779318537644227,4.160804020100429,True,2026-05-27T06:53:58.191,2026-05-27T11:00:00.000,2026-05-27T10:56:22.915,0.846175294583161,44.90718315689014,10.130653266331478,110.0311375929803,110.89269935721751,117.36969689727584,0.4035210143667693,Secondary,Secondary
307.3087791666666,-22.39708333333333,AT2025nzk,,,34.00214227858145,1.7843489446105196,1.5678391959798716,True,2026-05-27T09:29:32.864,2026-05-27T11:00:00.000,2026-05-27T11:00:00.000,0.846175294583161,44.90718315689014,10.130653266331478,101.75632779320999,102.72889482755673,116.96704480516155,0.39968623286419014,Secondary,Secondary
307.5760875,9.157,AT2024rbv,,,65.55462647412959,1.0979093396967594,4.040201005025054,True,2026-05-27T07:01:12.362,2026-05-27T11:00:00.000,2026-05-27T11:00:00.000,0.846175294583161,44.90718315689014,10.130653266331478,110.26000427325151,111.14249069574987,116.69973068834713,0.3971403838645285,Secondary,Secondary
307.6234541666666,1.1865861111111111,AT2024rce,,,57.58519194833873,1.1837760781542748,3.6180904522612423,True,2026-05-27T07:26:31.960,2026-05-27T11:00:00.000,2026-05-27T11:00:00.000,0.846175294583161,44.90718315689014,10.130653266331478,108.69624571697791,109.63053853715155,116.6523639781094,0.3966892723345116,Secondary,Secondary
307.65774166666665,-25.600675000000003,AT2025mjn,,,30.80037289650921,1.9476894911128086,0.7236180904522485,True,2026-05-27T10:20:12.060,2026-05-27T11:00:00.000,2026-05-27T11:00:00.000,0.846175294583161,44.90718315689014,10.130653266331478,100.98326105691025,101.94843466567896,116.61808058288727,0.39636276408442495,Secondary,Secondary
180.7646117,60.5219888,SBS_1200+608,11.73,15.31,63.31078821948333,1.1186349734961356,9.40703517587923,True,2026-05-26T23:00:00.000,2026-05-27T08:20:48.241,2026-05-27T02:33:28.040,0.846175294583161,44.90718315689014,10.130653266331478,71.50597758099043,71.50597758099043,116.48879567393192,0.3951312960384425,Secondary,Secondary
307.91751666666664,-11.083302777777778,AT2025ixs,,,45.316325810323576,1.4048854430457105,2.8341708542713064,True,2026-05-27T08:13:34.070,2026-05-27T11:00:00.000,2026-05-27T11:00:00.000,0.846175294583161,44.90718315689014,10.130653266331478,105.81555454119042,106.79053407089933,116.35830500913448,0.3938887109885151,Secondary,Secondary
308.0553208333333,18.09687222222222,SN2024ryr,,,74.49204635591798,1.0373684910455654,4.341708542713491,True,2026-05-27T06:43:06.935,2026-05-27T11:00:00.000,2026-05-27T11:00:00.000,0.846175294583161,44.90718315689014,10.130653266331478,112.0457321853935,112.84698885974025,116.22049958394553,0.3925762783495765,Secondary,Secondary
308.0712625,-3.2578638888888887,AT2024smg,,,53.14015806300673,1.2488428409518224,3.376884422110493,True,2026-05-27T07:41:00.302,2026-05-27T11:00:00.000,2026-05-27T11:00:00.000,0.846175294583161,44.90718315689014,10.130653266331478,108.0741780861431,109.02900745499979,116.20455787302535,0.39242445253227926,Secondary,Secondary
308.262425,16.986505555555556,AT2024sew,,,73.37784541406519,1.0431823704202259,4.281407035175803,True,2026-05-27T06:46:44.020,2026-05-27T11:00:00.000,2026-05-27T11:00:00.000,0.846175294583161,44.90718315689014,10.130653266331478,112.10771069437126,112.92071938277128,116.01339246906338,0.39060382930074355,Secondary,Secondary
308.42409166666664,-7.349316666666667,AT2024tyn,,,49.04535390850826,1.3228497350072574,3.075376884422056,True,2026-05-27T07:59:05.729,2026-05-27T11:00:00.000,2026-05-27T11:00:00.000,0.846175294583161,44.90718315689014,10.130653266331478,107.34335477208984,108.31135170776258,115.85172796145844,0.3890641675957037,Secondary,Secondary
308.5079333333333,-1.6482527777777778,AT2024rgh,,,54.743722561171005,1.2237099864582617,3.43718592964818,True,2026-05-27T07:37:23.216,2026-05-27T11:00:00.000,2026-05-27T11:00:00.000,0.846175294583161,44.90718315689014,10.130653266331478,108.89351139961026,109.84228259924981,115.76788470246129,0.3882656601713983,Secondary,Secondary
308.6125833333333,14.287730555555555,AT2024vap,,,70.66989400208118,1.059273529836007,4.160804020100429,True,2026-05-27T06:53:58.191,2026-05-27T11:00:00.000,2026-05-27T11:00:00.000,0.846175294583161,44.90718315689014,10.130653266331478,112.08333402670803,112.92321401094596,115.66323570617942,0.3872690031876838,Secondary,Secondary
308.7070416666666,-10.206880555555555,SN2025ixm,,,46.1836042308471,1.384384998439887,2.8341708542713064,True,2026-05-27T08:13:34.070,2026-05-27T11:00:00.000,2026-05-27T11:00:00.000,0.846175294583161,44.90718315689014,10.130653266331478,106.81102392833228,107.78503765449274,115.56878007531441,0.386369425905328,Secondary,Secondary
308.95129999999995,-14.630719444444445,AT2025nyy,,,41.75602710561231,1.499560528058895,2.412060301507495,True,2026-05-27T08:38:53.668,2026-05-27T11:00:00.000,2026-05-27T11:00:00.000,0.846175294583161,44.90718315689014,10.130653266331478,105.71679063836716,106.69496590315312,115.32452403783378,0.3840431779438529,Secondary,Secondary
309.0509875,-17.270805555555555,AT2025mjs,,,39.114637952444156,1.582619534920905,2.1708542713567454,True,2026-05-27T08:53:22.010,2026-05-27T11:00:00.000,2026-05-27T11:00:00.000,0.846175294583161,44.90718315689014,10.130653266331478,104.97457527974348,105.9524031172161,115.22483470545302,0.38309375572822707,Secondary,Secondary
309.13713333333334,7.030305555555556,AT2024qae,,,63.397931523264205,1.1177833444231902,3.7989949748743044,True,2026-05-27T07:15:40.704,2026-05-27T11:00:00.000,2026-05-27T11:00:00.000,0.846175294583161,44.90718315689014,10.130653266331478,111.38842219019769,112.288773553656,115.13868533512925,0.38227328532237886,Secondary,Secondary
309.18654999999995,-4.007455555555556,AT2024tyb,,,52.367541492792654,1.2616805496364971,3.256281407035118,True,2026-05-27T07:48:14.472,2026-05-27T11:00:00.000,2026-05-27T11:00:00.000,0.846175294583161,44.90718315689014,10.130653266331478,108.96056722933496,109.91918441292414,115.08926967188734,0.38180266008086533,Secondary,Secondary
309.2715125,-6.051069444444444,AT2025lsu,,,50.32240497052488,1.2981313497620894,3.075376884422056,True,2026-05-27T07:59:05.729,2026-05-27T11:00:00.000,2026-05-27T11:00:00.000,0.846175294583161,44.90718315689014,10.130653266331478,108.50487479653803,109.47003502920627,115.00431047718877,0.38099352498590383,Secondary,Secondary
309.3275458333333,-8.041994444444445,SN2024tyg,,,48.330918695328535,1.3373854736503676,2.954773869346681,True,2026-05-27T08:06:19.899,2026-05-27T11:00:00.000,2026-05-27T11:00:00.000,0.846175294583161,44.90718315689014,10.130653266331478,108.01265082137353,108.98288223081533,114.94827381674327,0.38045984240881936,Secondary,Secondary
309.5151208333333,12.770786111111113,AT2024qtj,,,69.10710292006117,1.0698860137948705,4.040201005025054,True,2026-05-27T07:01:12.362,2026-05-27T11:00:00.000,2026-05-27T11:00:00.000,0.846175294583161,44.90718315689014,10.130653266331478,112.73067013164767,113.58558978222875,114.7606975075563,0.37867340121378695,Secondary,Secondary
309.78116249999994,10.832938888888888,SN2024rwz,,,67.15548038253174,1.0845857466542688,3.9798994974873665,True,2026-05-27T07:04:49.447,2026-05-27T11:00:00.000,2026-05-27T11:00:00.000,0.846175294583161,44.90718315689014,10.130653266331478,112.68532963230895,113.5573012827612,114.49465518717716,0.3761396647396298,Secondary,Secondary
309.8345208333333,-5.472519444444445,AT2025izx,,,50.87736189536901,1.2878714650118683,3.075376884422056,True,2026-05-27T07:59:05.729,2026-05-27T11:00:00.000,2026-05-27T11:00:00.000,0.846175294583161,44.90718315689014,10.130653266331478,109.19953985088235,110.16346590825333,114.44130082045763,0.3756315282378864,Secondary,Secondary
309.8875833333333,-17.60692777777778,AT2025koy,,,38.753194436025346,1.5949731651223935,2.0502512562813706,True,2026-05-27T09:00:36.181,2026-05-27T11:00:00.000,2026-05-27T11:00:00.000,0.846175294583161,44.90718315689014,10.130653266331478,105.6201552535183,106.59761429144366,114.38823809995984,0.3751261689851173,Secondary,Secondary
309.9389916666666,-8.579905555555555,AT2024qzd,,,47.76883070627249,1.3491960852002542,2.894472361808994,True,2026-05-27T08:09:56.985,2026-05-27T11:00:00.000,2026-05-27T11:00:00.000,0.846175294583161,44.90718315689014,10.130653266331478,108.44131390868127,109.41305176359052,114.33682665249444,0.37463653592569485,Secondary,Secondary
310.07715833333333,-11.634366666666669,AT2024ppu,,,44.71162340768067,1.4197355864137222,2.6532663316582443,True,2026-05-27T08:24:25.327,2026-05-27T11:00:00.000,2026-05-27T11:00:00.000,0.846175294583161,44.90718315689014,10.130653266331478,107.67623172204405,108.65268364725846,114.19866046603704,0.37332066753569637,Secondary,Secondary
310.1134666666666,-7.248491666666666,AT2025nqs,,,49.08988856899312,1.321960838759893,2.954773869346681,True,2026-05-27T08:06:19.899,2026-05-27T11:00:00.000,2026-05-27T11:00:00.000,0.846175294583161,44.90718315689014,10.130653266331478,108.9818759853407,109.9507950234341,114.16235750397777,0.37297492523643944,Secondary,Secondary
310.2021916666667,-11.963905555555554,AT2025nql,,,44.376556726347786,1.428168537043067,2.592964824120557,True,2026-05-27T08:28:02.412,2026-05-27T11:00:00.000,2026-05-27T11:00:00.000,0.846175294583161,44.90718315689014,10.130653266331478,107.69323575647628,108.67005372396576,114.07363256986582,0.37212992587009186,Secondary,Secondary
310.2306625,-24.633316666666666,AT2025nxi,,,31.720213259467005,1.8971817070039536,0.8442211055276232,True,2026-05-27T10:12:57.889,2026-05-27T11:00:00.000,2026-05-27T11:00:00.000,0.846175294583161,44.90718315689014,10.130653266331478,103.50385355521543,104.46927190241227,114.0451615822883,0.3718587736026263,Secondary,Secondary
310.40209166666665,5.939316666666667,AT2024vjt,,,62.22898001978534,1.1295347948903123,3.6783919597989296,True,2026-05-27T07:22:54.874,2026-05-27T11:00:00.000,2026-05-27T11:00:00.000,0.846175294583161,44.90718315689014,10.130653266331478,112.41110963125317,113.32063875182642,113.87372879468961,0.3702260803605912,Secondary,Secondary
310.43915416666664,-12.348386111111113,AT2024tyt,,,43.980597024639835,1.4383274392648868,2.5326633165828696,True,2026-05-27T08:31:39.497,2026-05-27T11:00:00.000,2026-05-27T11:00:00.000,0.846175294583161,44.90718315689014,10.130653266331478,107.79651362759047,108.77373031024044,113.83666543982542,0.3698730959581824,Secondary,Secondary
310.5252044,24.4478722,MG2_J204208+2426,13.86,16.48,80.53138254230396,1.0134615519939993,4.4623115577888655,True,2026-05-27T06:35:52.764,2026-05-27T11:00:00.000,2026-05-27T11:00:00.000,0.846175294583161,44.90718315689014,10.130653266331478,114.8917999730005,115.62190764322557,113.75061265462648,0.369053545293544,Secondary,Secondary
310.53169166666663,-8.671769444444443,AT2025nqm,,,47.645744561437716,1.3518276069125932,2.8341708542713064,True,2026-05-27T08:13:34.070,2026-05-27T11:00:00.000,2026-05-27T11:00:00.000,0.846175294583161,44.90718315689014,10.130653266331478,108.97645459295376,109.94871423471785,113.74413254804347,0.36899183042081146,Secondary,Secondary
310.61004999999994,0.5301888888888889,AT2024raw,,,56.82081305417131,1.1939737008698048,3.376884422110493,True,2026-05-27T07:41:00.302,2026-05-27T11:00:00.000,2026-05-27T11:00:00.000,0.846175294583161,44.90718315689014,10.130653266331478,111.45287026548641,112.39399023344815,113.66576823200376,0.36824550333538225,Secondary,Secondary
310.6131583333333,-18.230136111111108,AT2024qif,,,38.09879370272347,1.618001043034167,1.9296482412059959,True,2026-05-27T09:07:50.352,2026-05-27T11:00:00.000,2026-05-27T11:00:00.000,0.846175294583161,44.90718315689014,10.130653266331478,106.06441822937651,107.04117014350537,113.66266016023621,0.36821590268523813,Secondary,Secondary
310.7921458333332,-18.765244444444445,SN2025mma,,,37.555322126770214,1.6377992111130366,1.8693467336683085,True,2026-05-27T09:11:27.437,2026-05-27T11:00:00.000,2026-05-27T11:00:00.000,0.846175294583161,44.90718315689014,10.130653266331478,106.04356081096904,107.01970194560327,113.48367802802477,0.36651131117918384,Secondary,Secondary
310.7980291666666,-18.598591666666664,AT2025mju,,,37.72139060804395,1.6316828955597573,1.8693467336683085,True,2026-05-27T09:11:27.437,2026-05-27T11:00:00.000,2026-05-27T11:00:00.000,0.846175294583161,44.90718315689014,10.130653266331478,106.10529584176487,107.08161573980814,113.47779301690696,0.36645526345380564,Secondary,Secondary
310.9974791666666,-10.351175,AT2025mkl,,,45.94060336568683,1.390036564837561,2.6532663316582443,True,2026-05-27T08:24:25.327,2026-05-27T11:00:00.000,2026-05-27T11:00:00.000,0.846175294583161,44.90718315689014,10.130653266331478,108.92304689636588,109.89829398839925,113.27834295074717,0.3645557390131823,Secondary,Secondary
311.208375,2.1368722222222223,AT2024twr,,,58.37027145230934,1.173696976414116,3.43718592964818,True,2026-05-27T07:37:23.216,2026-05-27T11:00:00.000,2026-05-27T11:00:00.000,0.846175294583161,44.90718315689014,10.130653266331478,112.40111434670291,113.33467813636878,113.06744475903122,0.3625471847320027,Secondary,Secondary
311.28010416666666,-6.797138888888889,AT2024rxe,,,49.4643809950598,1.3145642224236296,2.894472361808994,True,2026-05-27T08:09:56.985,2026-05-27T11:00:00.000,2026-05-27T11:00:00.000,0.846175294583161,44.90718315689014,10.130653266331478,110.21960570091224,111.1882410835541,112.99571349864107,0.3618640296069143,Secondary,Secondary
311.2921208333333,-1.12675,AT2024rav,,,55.113207390076894,1.2181951954397534,3.256281407035118,True,2026-05-27T07:48:14.472,2026-05-27T11:00:00.000,2026-05-27T11:00:00.000,0.846175294583161,44.90718315689014,10.130653266331478,111.71983360328807,112.66933638070573,112.98369742036209,0.3617495908484909,Secondary,Secondary
311.317725,-16.292075,AT2024tvy,,,39.99275760643495,1.5536397747797575,2.110552763819058,True,2026-05-27T08:56:59.095,2026-05-27T11:00:00.000,2026-05-27T11:00:00.000,0.846175294583161,44.90718315689014,10.130653266331478,107.3451516116526,108.32308856712318,112.95809480296953,0.3615057565798003,Secondary,Secondary
311.4578458333333,-9.178263888888887,AT2025ltf,,,47.07700317833463,1.3642033414487378,2.7135678391959317,True,2026-05-27T08:20:48.241,2026-05-27T11:00:00.000,2026-05-27T11:00:00.000,0.846175294583161,44.90718315689014,10.130653266331478,109.70429246485548,110.67796645778462,112.81797712194077,0.3601713025551622,Secondary,Secondary
311.4923208333333,-9.317991666666666,AT2025nhq,,,46.935031823732416,1.3673490212308481,2.7135678391959317,True,2026-05-27T08:20:48.241,2026-05-27T11:00:00.000,2026-05-27T11:00:00.000,0.846175294583161,44.90718315689014,10.130653266331478,109.69559174325144,110.66951555640289,112.78350267567009,0.35984297448327424,Secondary,Secondary
311.5410749999999,-8.94155,AT2025lvl,,,47.306362111444884,1.3591693330488097,2.7135678391959317,True,2026-05-27T08:20:48.241,2026-05-27T11:00:00.000,2026-05-27T11:00:00.000,0.846175294583161,44.90718315689014,10.130653266331478,109.85243001683764,110.82574004832169,112.73474751431701,0.3593786396209572,Secondary,Secondary
311.6095041666666,-17.89944722222222,SN2024snj,,,38.37004235470498,1.6083506550298377,1.9296482412059959,True,2026-05-27T09:07:50.352,2026-05-27T11:00:00.000,2026-05-27T11:00:00.000,0.846175294583161,44.90718315689014,10.130653266331478,107.06758104566434,108.04432247848415,112.6663161844424,0.35872691264046946,Secondary,Secondary
311.7001166666666,-8.765869444444444,AT2025nhr,,,47.46839638191084,1.355648289591788,2.7135678391959317,True,2026-05-27T08:20:48.241,2026-05-27T11:00:00.000,2026-05-27T11:00:00.000,0.846175294583161,44.90718315689014,10.130653266331478,110.0541784866709,111.02726186390011,112.57570682046742,0.35786396633692175,Secondary,Secondary
311.7005416666666,13.39837222222222,AT2024rlw,,,69.48021017025049,1.0672608958899976,3.919597989949679,True,2026-05-27T07:08:26.533,2026-05-27T11:00:00.000,2026-05-27T11:00:00.000,0.846175294583161,44.90718315689014,10.130653266331478,114.92738750744729,115.77933735543903,112.57527628213501,0.3578598656784482,Secondary,Secondary
311.7187208333333,-8.784897222222222,AT2025niv,,,47.44787790109186,1.3560925562366326,2.7135678391959317,True,2026-05-27T08:20:48.241,2026-05-27T11:00:00.000,2026-05-27T11:00:00.000,0.846175294583161,44.90718315689014,10.130653266331478,110.06617530712387,111.03930284984081,112.55710254358871,0.3576867827466902,Secondary,Secondary
311.8101958333333,-1.51215,AT2024tbg,,,54.6799813127027,1.2246715610045535,3.1959798994974307,True,2026-05-27T07:51:51.558,2026-05-27T11:00:00.000,2026-05-27T11:00:00.000,0.846175294583161,44.90718315689014,10.130653266331478,112.12679907880678,113.07848354513247,112.46562405668959,0.35681555900924333,Secondary,Secondary
311.8222208333333,-10.68392777777778,AT2024snm,,,45.54720043347273,1.399337866258292,2.592964824120557,True,2026-05-27T08:28:02.412,2026-05-27T11:00:00.000,2026-05-27T11:00:00.000,0.846175294583161,44.90718315689014,10.130653266331478,109.59562898198774,110.5716251429361,112.45359949561299,0.35670103941396997,Secondary,Secondary
311.87215,-22.46568611111111,AT2025ngq,,,33.7982794915345,1.7937690988845845,1.2663316582914348,True,2026-05-27T09:47:38.291,2026-05-27T11:00:00.000,2026-05-27T11:00:00.000,0.846175294583161,44.90718315689014,10.130653266331478,105.68981615844328,106.65910614241585,112.40367359718346,0.3562255546891525,Secondary,Secondary
311.95870833333333,15.717472222222222,AT2024twj,,,71.71724631542371,1.052712589200733,4.040201005025054,True,2026-05-27T07:01:12.362,2026-05-27T11:00:00.000,2026-05-27T11:00:00.000,0.846175294583161,44.90718315689014,10.130653266331478,115.47400716246854,116.30401211233583,112.31711144782713,0.3554011531969179,Secondary,Secondary
311.9607541666666,-11.058886111111113,AT2024txp,,,45.16202226681826,1.4086304170264132,2.5326633165828696,True,2026-05-27T08:31:39.497,2026-05-27T11:00:00.000,2026-05-27T11:00:00.000,0.846175294583161,44.90718315689014,10.130653266331478,109.61036580853612,110.58683075212264,112.3150655269593,0.3553816682281281,Secondary,Secondary
311.9810708333333,-17.755341666666666,SN2024rrg,,,38.48724850556241,1.6042271970710946,1.9296482412059959,True,2026-05-27T09:07:50.352,2026-05-27T11:00:00.000,2026-05-27T11:00:00.000,0.846175294583161,44.90718315689014,10.130653266331478,107.44922365291546,108.42597924999477,112.29474984908416,0.3551881856416398,Secondary,Secondary
312.1332,-10.537575,AT2024tbk,,,45.66619494283526,1.3965044480327353,2.592964824120557,True,2026-05-27T08:28:02.412,2026-05-27T11:00:00.000,2026-05-27T11:00:00.000,0.846175294583161,44.90718315689014,10.130653266331478,109.93133674145297,110.90727464031501,112.14261986831616,0.35373932864068386,Secondary,Secondary
312.241775,-8.519147222222223,AT2025lvm,,,47.665503896375256,1.35140405258034,2.7135678391959317,True,2026-05-27T08:20:48.241,2026-05-27T11:00:00.000,2026-05-27T11:00:00.000,0.846175294583161,44.90718315689014,10.130653266331478,110.63847124474704,111.61140420514043,112.03404749220107,0.3527053060776666,Secondary,Secondary
312.30986666666666,6.567988888888888,AT2024vbh,,,62.63900710120723,1.1253314936131131,3.6180904522612423,True,2026-05-27T07:26:31.960,2026-05-27T11:00:00.000,2026-05-27T11:00:00.000,0.846175294583161,44.90718315689014,10.130653266331478,114.39319132285303,115.30094513247298,111.96595235109572,0.35205678075347707,Secondary,Secondary
312.5127583333333,6.658141666666667,SN2024qiu,,,62.698501490537424,1.124728964440745,3.557788944723555,True,2026-05-27T07:30:09.045,2026-05-27T11:00:00.000,2026-05-27T11:00:00.000,0.846175294583161,44.90718315689014,10.130653266331478,114.60819692935992,115.51559304189868,111.76306009492481,0.35012447348215175,Secondary,Secondary
312.5903708333333,3.2090666666666667,AT2024row,,,59.27443169531456,1.162566833916805,3.43718592964818,True,2026-05-27T07:37:23.216,2026-05-27T11:00:00.000,2026-05-27T11:00:00.000,0.846175294583161,44.90718315689014,10.130653266331478,113.98311500015915,114.91241806102067,111.68544709363584,0.34938530197564543,Secondary,Secondary
312.60750833333327,-10.26585,AT2025ltg,,,45.89182842149807,1.3911795086102037,2.592964824120557,True,2026-05-27T08:28:02.412,2026-05-27T11:00:00.000,2026-05-27T11:00:00.000,0.846175294583161,44.90718315689014,10.130653266331478,110.4585423233895,111.43433045468097,111.66831459984843,0.3492221356779964,Secondary,Secondary
313.12804166666666,-1.4468277777777778,AT2024uif,,,54.58909834648491,1.2260478181254795,3.1356783919597433,True,2026-05-27T07:55:28.643,2026-05-27T11:00:00.000,2026-05-27T11:00:00.000,0.846175294583161,44.90718315689014,10.130653266331478,113.41874075529769,114.3715427808961,111.14777776536835,0.3442646418966996,Secondary,Secondary
313.21023749999995,-9.143041666666669,AT2025msc,,,46.94343054786239,1.3671622935305483,2.592964824120557,True,2026-05-27T08:28:02.412,2026-05-27T11:00:00.000,2026-05-27T11:00:00.000,0.846175294583161,44.90718315689014,10.130653266331478,111.3659265194968,112.34041346721304,111.06558450686151,0.3434818490709669,Secondary,Secondary
313.2688958333333,-12.578163888888888,SN2024uzd,,,43.52412944555707,1.4503055144841137,2.3517587939698075,True,2026-05-27T08:42:30.754,2026-05-27T11:00:00.000,2026-05-27T11:00:00.000,0.846175294583161,44.90718315689014,10.130653266331478,110.34652036929887,111.32445877699435,111.00692478281871,0.34292318500774693,Secondary,Secondary
313.48279999999994,-9.991194444444444,AT2024sun,,,46.069590794655035,1.3870278344218878,2.5326633165828696,True,2026-05-27T08:31:39.497,2026-05-27T11:00:00.000,2026-05-27T11:00:00.000,0.846175294583161,44.90718315689014,10.130653266331478,111.3628191242982,112.33861049059344,110.79302010829764,0.34088599762498384,Secondary,Secondary
313.6561291666666,-2.8040833333333333,AT2024ust,,,53.1718887796665,1.24832600483769,3.0150753768843686,True,2026-05-27T08:02:42.814,2026-05-27T11:00:00.000,2026-05-27T11:00:00.000,0.846175294583161,44.90718315689014,10.130653266331478,113.58119350523036,114.53976108598006,110.61969006941916,0.339235235242665,Secondary,Secondary
313.7040208333333,10.390708333333333,AT2024uvv,,,66.15585775658738,1.0927672477791572,3.6783919597989296,True,2026-05-27T07:22:54.874,2026-05-27T11:00:00.000,2026-05-27T11:00:00.000,0.846175294583161,44.90718315689014,10.130653266331478,116.4198133181669,117.30048780244638,110.57179822808405,0.33877912244656944,Secondary,Secondary
313.85566666666665,-23.813794444444444,AT2025myr,,,32.294464557094805,1.8671896474889214,0.8442211055276232,True,2026-05-27T10:12:57.889,2026-05-27T11:00:00.000,2026-05-27T11:00:00.000,0.846175294583161,44.90718315689014,10.130653266331478,106.87683821047938,107.84085890917515,110.42015706260827,0.33733492102788887,Secondary,Secondary
313.88893749999994,-18.68621388888889,AT2025nzj,,,37.388137906154036,1.644016912339559,1.6884422110552464,True,2026-05-27T09:22:18.693,2026-05-27T11:00:00.000,2026-05-27T11:00:00.000,0.846175294583161,44.90718315689014,10.130653266331478,108.81841350655722,109.79326959778953,110.38688649395579,0.3370180584723287,Secondary,Secondary
313.8894458333333,15.636627777777775,AT2024rvr,,,71.20025356206527,1.055896971832243,3.8592964824119917,True,2026-05-27T07:12:03.618,2026-05-27T11:00:00.000,2026-05-27T11:00:00.000,0.846175294583161,44.90718315689014,10.130653266331478,117.31091422330762,118.14380310621951,110.38637191913176,0.33701315743465143,Secondary,Secondary
313.9914958333333,-15.491499999999998,AT2024ufx,,,40.54989487933435,1.5359794496879515,1.9899497487436832,True,2026-05-27T09:04:13.266,2026-05-27T11:00:00.000,2026-05-27T11:00:00.000,0.846175294583161,44.90718315689014,10.130653266331478,110.03573570880276,111.01361274651865,110.28432362057106,0.3360412690901122,Secondary,Secondary
314.0850083333333,-12.66230277777778,AT2025lts,,,43.34638797386044,1.4550486326172294,2.29145728643212,True,2026-05-27T08:46:07.839,2026-05-27T11:00:00.000,2026-05-27T11:00:00.000,0.846175294583161,44.90718315689014,10.130653266331478,111.07206507809902,112.05014872795383,110.19081451189135,0.3351507062667744,Secondary,Secondary
314.1501875,-25.11688333333333,AT2025mjl,,,30.970365632164135,1.938116999551473,0.48241206030149897,True,2026-05-27T10:34:40.402,2026-05-27T11:00:00.000,2026-05-27T11:00:00.000,0.846175294583161,44.90718315689014,10.130653266331478,106.61661355195194,107.57639389594065,110.12563477166975,0.33452994683283405,Secondary,Secondary
314.245775,-12.649433333333333,AT2025nhe,,,43.33910178713615,1.4552440267646298,2.29145728643212,True,2026-05-27T08:46:07.839,2026-05-27T11:00:00.000,2026-05-27T11:00:00.000,0.846175294583161,44.90718315689014,10.130653266331478,111.22443321583887,112.20253119056225,110.03004855299872,0.33361960188661083,Secondary,Secondary
314.408825,-14.402936111111112,AT2025luo,,,41.579973132431576,1.5047275120066963,2.110552763819058,True,2026-05-27T08:56:59.095,2026-05-27T11:00:00.000,2026-05-27T11:00:00.000,0.846175294583161,44.90718315689014,10.130653266331478,110.78702159619286,111.76523227825746,109.86699766898204,0.3320667363321799,Secondary,Secondary
174.1100392,70.1575866,MARK_180,11.12,12.85,53.67340022888796,1.2402638245255404,9.40703517587923,True,2026-05-26T23:00:00.000,2026-05-27T08:20:48.241,2026-05-27T02:08:08.442,0.846175294583161,44.90718315689014,10.130653266331478,81.51767489281646,81.51767489281646,109.83422319584656,0.33175441529643335,Secondary,Secondary
314.4787208333333,-8.091236111111112,AT2024qig,,,47.822452077282314,1.3480548191833708,2.592964824120557,True,2026-05-27T08:28:02.412,2026-05-27T11:00:00.000,2026-05-27T11:00:00.000,0.846175294583161,44.90718315689014,10.130653266331478,112.8788102318445,113.85220909171981,109.79709763853282,0.3314010215240181,Secondary,Secondary
314.4920541666666,-11.794738888888888,AT2025nik,,,44.15419900040904,1.4338473341661264,2.29145728643212,True,2026-05-27T08:46:07.839,2026-05-27T11:00:00.000,2026-05-27T11:00:00.000,0.846175294583161,44.90718315689014,10.130653266331478,111.73135378963799,112.70909648543989,109.7837692321583,0.33127408454439544,Secondary,Secondary
314.49253333333326,-6.214097222222223,SN2024qfq,,,49.676709927546,1.310431797668847,2.7135678391959317,True,2026-05-27T08:20:48.241,2026-05-27T11:00:00.000,2026-05-27T11:00:00.000,0.846175294583161,44.90718315689014,10.130653266331478,113.44514934165039,114.41465152850567,109.78328737122183,0.3312694953749434,Secondary,Secondary
314.5073124999999,-11.850675,AT2025nib,,,44.09675502533432,1.4353252378294208,2.29145728643212,True,2026-05-27T08:46:07.839,2026-05-27T11:00:00.000,2026-05-27T11:00:00.000,0.846175294583161,44.90718315689014,10.130653266331478,111.72728119186624,112.70505878084258,109.76851096513565,0.3311287677154967,Secondary,Secondary
314.55966249999994,-12.500005555555555,AT2025nyk,,,43.44656099774734,1.4523699540041475,2.2311557788944327,True,2026-05-27T08:49:44.925,2026-05-27T11:00:00.000,2026-05-27T11:00:00.000,0.846175294583161,44.90718315689014,10.130653266331478,111.5628835051501,112.54096648063565,109.71616155997305,0.3306302019635566,Secondary,Secondary
314.6947798,-14.7180497,PGC_920875,13.67,15.87,41.23126144034977,1.515109685980296,2.0502512562813706,True,2026-05-27T09:00:36.181,2026-05-27T11:00:00.000,2026-05-27T11:00:00.000,0.846175294583161,44.90718315689014,10.130653266331478,110.9392588811239,111.91735439215502,109.58103727636853,0.32934330359918573,Secondary,Secondary
314.7234333333333,-13.537608333333331,AT2025njb,,,42.396988507572026,1.4811610154667614,2.1708542713567454,True,2026-05-27T08:53:22.010,2026-05-27T11:00:00.000,2026-05-27T11:00:00.000,0.846175294583161,44.90718315689014,10.130653266331478,111.36733530204408,112.34562041498624,109.5523900214863,0.3290704730121574,Secondary,Secondary
314.7756,-3.230005555555556,SN2024pii,,,52.5776753722703,1.2581403399942066,2.894472361808994,True,2026-05-27T08:09:56.985,2026-05-27T11:00:00.000,2026-05-27T11:00:00.000,0.846175294583161,44.90718315689014,10.130653266331478,114.54637128731301,115.50749350485397,109.50021888696187,0.3285736048840975,Secondary,Secondary
314.7940583333333,-12.350558333333334,AT2025njc,,,43.562891242595015,1.4492770752947326,2.2311557788944327,True,2026-05-27T08:49:44.925,2026-05-27T11:00:00.000,2026-05-27T11:00:00.000,0.846175294583161,44.90718315689014,10.130653266331478,111.8282603122148,112.80631777141436,109.48176499933356,0.32839785375570046,Secondary,Secondary
314.8028875,-12.344230555555557,AT2025njl,,,43.567940087471186,1.4491432736407968,2.2311557788944327,True,2026-05-27T08:49:44.925,2026-05-27T11:00:00.000,2026-05-27T11:00:00.000,0.846175294583161,44.90718315689014,10.130653266331478,111.83849004355993,112.81654624926507,109.47293574304325,0.3283137656110609,Secondary,Secondary
314.8067166666666,-5.838533333333333,SN2024uab,,,49.99927948272535,1.3042372659988526,2.7135678391959317,True,2026-05-27T08:20:48.241,2026-05-27T11:00:00.000,2026-05-27T11:00:00.000,0.846175294583161,44.90718315689014,10.130653266331478,113.85238185280467,114.82119466961635,109.46910397171865,0.3282772725208718,Secondary,Secondary
314.8143666666667,-13.5331,AT2025kqc,,,42.38928352468317,1.4813784277280075,2.1708542713567454,True,2026-05-27T08:53:22.010,2026-05-27T11:00:00.000,2026-05-27T11:00:00.000,0.846175294583161,44.90718315689014,10.130653266331478,111.45207377494188,112.43035916117766,109.46145474458262,0.32820442274252065,Secondary,Secondary
314.8241,-7.434283333333333,SN2025nxh,,,48.4206785406673,1.3355303447184026,2.6532663316582443,True,2026-05-27T08:24:25.327,2026-05-27T11:00:00.000,2026-05-27T11:00:00.000,0.846175294583161,44.90718315689014,10.130653266331478,113.40209127648804,114.3744650964508,109.45172410442768,0.3281117500011592,Secondary,Secondary
314.87211666666667,-13.689208333333331,AT2025lvn,,,42.22690587153068,1.4859813520432177,2.110552763819058,True,2026-05-27T08:56:59.095,2026-05-27T11:00:00.000,2026-05-27T11:00:00.000,0.846175294583161,44.90718315689014,10.130653266331478,111.45208973353787,112.43037174306956,109.40370580335815,0.32765443285163004,Secondary,Secondary
314.8927625,-17.74207777777778,AT2025lyx,,,38.20902306299933,1.614061101756623,1.6884422110552464,True,2026-05-27T09:22:18.693,2026-05-27T11:00:00.000,2026-05-27T11:00:00.000,0.846175294583161,44.90718315689014,10.130653266331478,110.048675577207,111.02429530063174,109.38305992582002,0.3274578054478135,Secondary,Secondary
314.9510375,-12.815933333333334,AT2025ltt,,,43.0805369004581,1.4622273431361614,2.2311557788944327,True,2026-05-27T08:49:44.925,2026-05-27T11:00:00.000,2026-05-27T11:00:00.000,0.846175294583161,44.90718315689014,10.130653266331478,111.81821956811746,112.79643034362705,109.32478532316918,0.3269028092325384,Secondary,Secondary
315.13612499999994,0.3855055555555556,AT2024sox,,,56.069700592148365,1.2043768774678225,3.075376884422056,True,2026-05-27T07:59:05.729,2026-05-27T11:00:00.000,2026-05-27T11:00:00.000,0.846175294583161,44.90718315689014,10.130653266331478,115.81557432297022,116.76257841293831,109.13969528474144,0.3251400469285532,Secondary,Secondary
315.15355,0.5165444444444445,AT2024szt,,,56.19493665803704,1.2026153993765831,3.075376884422056,True,2026-05-27T07:59:05.729,2026-05-27T11:00:00.000,2026-05-27T11:00:00.000,0.846175294583161,44.90718315689014,10.130653266331478,115.86400479385668,116.81041791713382,109.12226993383041,0.3249740911776306,Secondary,Secondary
315.2529791666666,-14.847091666666667,AT2025njd,,,41.02851765966323,1.5212378638927182,1.9899497487436832,True,2026-05-27T09:04:13.266,2026-05-27T11:00:00.000,2026-05-27T11:00:00.000,0.846175294583161,44.90718315689014,10.130653266331478,111.40092326939164,112.37889055338216,109.02284414420461,0.32402717894146754,Secondary,Secondary
315.26187916666663,-15.271119444444444,AT2024qii,,,40.6076918337988,1.5341785167698951,1.9296482412059959,True,2026-05-27T09:07:50.352,2026-05-27T11:00:00.000,2026-05-27T11:00:00.000,0.846175294583161,44.90718315689014,10.130653266331478,111.26077204065413,112.23852399685643,109.01393928330833,0.32394237051908564,Secondary,Secondary
315.3451083333333,-11.947536111111113,AT2025njm,,,43.882494936741224,1.4408773547782812,2.2311557788944327,True,2026-05-27T08:49:44.925,2026-05-27T11:00:00.000,2026-05-27T11:00:00.000,0.846175294583161,44.90718315689014,10.130653266331478,112.46983509480327,113.44780415573226,108.93071488680607,0.32314975746416535,Secondary,Secondary
315.34681249999994,-18.657705555555555,AT2025mjo,,,37.24365698732225,1.649439599558497,1.5678391959798716,True,2026-05-27T09:29:32.864,2026-05-27T11:00:00.000,2026-05-27T11:00:00.000,0.846175294583161,44.90718315689014,10.130653266331478,110.1142130679153,111.08830085453727,108.9290097274382,0.3231335178425151,Secondary,Secondary
315.53555416666666,9.94946111111111,AT2024qhz,,,65.29158769541611,1.100212388988079,3.557788944723555,True,2026-05-27T07:30:09.045,2026-05-27T11:00:00.000,2026-05-27T11:00:00.000,0.846175294583161,44.90718315689014,10.130653266331478,118.12936949792129,119.01596057864874,108.7402643486331,0.32133594257481185,Secondary,Secondary
315.5802958333333,-15.120172222222225,AT2025nhc,,,40.71200817713171,1.5309426169270282,1.9296482412059959,True,2026-05-27T09:07:50.352,2026-05-27T11:00:00.000,2026-05-27T11:00:00.000,0.846175294583161,44.90718315689014,10.130653266331478,111.60147103167613,112.57924278101305,108.69552774181642,0.32090987987523933,Secondary,Secondary
315.60543333333334,3.036261111111111,AT2024sad,,,58.568149169538074,1.171218032395151,3.1959798994974307,True,2026-05-27T07:51:51.558,2026-05-27T11:00:00.000,2026-05-27T11:00:00.000,0.846175294583161,44.90718315689014,10.130653266331478,116.88336380155152,117.8173913808567,108.67038426659258,0.3206704178648319,Secondary,Secondary
315.6153,10.134169444444444,AT2024qpa,,,65.44797526279488,1.0988391809609936,3.557788944723555,True,2026-05-27T07:30:09.045,2026-05-27T11:00:00.000,2026-05-27T11:00:00.000,0.846175294583161,44.90718315689014,10.130653266331478,118.23617188131358,119.12135715260939,108.66051838454285,0.32057645718923866,Secondary,Secondary
315.72794166666665,3.818772222222222,AT2024suo,,,59.303872382634026,1.162212804632593,3.256281407035118,True,2026-05-27T07:48:14.472,2026-05-27T11:00:00.000,2026-05-27T11:00:00.000,0.846175294583161,44.90718315689014,10.130653266331478,117.17235058471466,118.10205439465807,108.5478784197162,0.3195036958281722,Secondary,Secondary
315.7593125,-12.288869444444444,AT2025ltu,,,43.48213075332518,1.4514222288329675,2.1708542713567454,True,2026-05-27T08:53:22.010,2026-05-27T11:00:00.000,2026-05-27T11:00:00.000,0.846175294583161,44.90718315689014,10.130653266331478,112.73798801512513,113.71613553847251,108.51651030107678,0.31920495188017173,Secondary,Secondary
315.77503749999994,-10.483019444444444,AT2025lth,,,45.261343895713374,1.4062164171185423,2.3517587939698075,True,2026-05-27T08:42:30.754,2026-05-27T11:00:00.000,2026-05-27T11:00:00.000,0.846175294583161,44.90718315689014,10.130653266331478,113.3473916515439,114.32449656705114,108.50078541138282,0.31905519102326,Secondary,Secondary
315.82362916666665,-12.124705555555556,AT2025njn,,,43.63405055888501,1.4473945556670924,2.2311557788944327,True,2026-05-27T08:49:44.925,2026-05-27T11:00:00.000,2026-05-27T11:00:00.000,0.846175294583161,44.90718315689014,10.130653266331478,112.85219925891477,113.83030196477068,108.45219403105341,0.31859241598380905,Secondary,Secondary
315.92501666666664,-10.187422222222224,AT2025lvf,,,45.528129311054066,1.399793602462101,2.3517587939698075,True,2026-05-27T08:42:30.754,2026-05-27T11:00:00.000,2026-05-27T11:00:00.000,0.846175294583161,44.90718315689014,10.130653266331478,113.58244928238476,114.55933145510966,108.35080586985833,0.31762681443496626,Secondary,Secondary
315.9701875,9.322197222222222,AT2024rgu,,,64.57112395207595,1.106689950102234,3.4974874371858675,True,2026-05-27T07:33:46.131,2026-05-27T11:00:00.000,2026-05-27T11:00:00.000,0.846175294583161,44.90718315689014,10.130653266331478,118.45058183451953,119.34274439901465,108.3056305141281,0.31719657265985385,Secondary,Secondary
315.9774333333333,-10.453994444444444,AT2025nck,,,45.25670103928407,1.4063289833835642,2.3517587939698075,True,2026-05-27T08:42:30.754,2026-05-27T11:00:00.000,2026-05-27T11:00:00.000,0.846175294583161,44.90718315689014,10.130653266331478,113.54507244845968,114.52221084361133,108.29839035189934,0.31712761902180847,Secondary,Secondary
316.1221375,-9.065169444444445,AT2025lti,,,46.59989245788355,1.374866029089796,2.412060301507495,True,2026-05-27T08:38:53.668,2026-05-27T11:00:00.000,2026-05-27T11:00:00.000,0.846175294583161,44.90718315689014,10.130653266331478,114.1244555067212,115.10015257380267,108.15368538926685,0.31574947652837104,Secondary,Secondary
316.1996625,8.984372222222222,AT2024rae,,,64.18354279675567,1.1102790502961797,3.43718592964818,True,2026-05-27T07:37:23.216,2026-05-27T11:00:00.000,2026-05-27T11:00:00.000,0.846175294583161,44.90718315689014,10.130653266331478,118.61790944012687,119.51301073439122,108.07615577555305,0.3150110989968707,Secondary,Secondary
316.29482499999995,-10.647025,AT2025ltj,,,45.01288850095002,1.4122786307874469,2.29145728643212,True,2026-05-27T08:46:07.839,2026-05-27T11:00:00.000,2026-05-27T11:00:00.000,0.846175294583161,44.90718315689014,10.130653266331478,113.77715166405031,114.75453265522448,107.9809978671176,0.3141048334614165,Secondary,Secondary
316.38075416666663,5.841369444444444,AT2024ucl,,,61.10858603795741,1.1414818625224485,3.3165829145728054,True,2026-05-27T07:44:37.387,2026-05-27T11:00:00.000,2026-05-27T11:00:00.000,0.846175294583161,44.90718315689014,10.130653266331478,118.2232749442545,119.14120919604144,107.8950653745593,0.31328642866119916,Secondary,Secondary
316.4041708333333,12.842144444444443,AT2024rzn,,,67.79567570378364,1.0795813916986012,3.6180904522612423,True,2026-05-27T07:26:31.960,2026-05-27T11:00:00.000,2026-05-27T11:00:00.000,0.846175294583161,44.90718315689014,10.130653266331478,119.39156609519262,120.2541481475229,107.87164678848382,0.31306339426401963,Secondary,Secondary
316.44445833333333,-10.048638888888888,AT2025krl,,,45.575641001742426,1.3986590682473583,2.3517587939698075,True,2026-05-27T08:42:30.754,2026-05-27T11:00:00.000,2026-05-27T11:00:00.000,0.846175294583161,44.90718315689014,10.130653266331478,114.1111768420819,115.08809220173711,107.83136303390728,0.3126797397811526,Secondary,Secondary
316.66619583333335,-8.652088888888889,AT2025luu,,,46.90785395816721,1.367953813039851,2.412060301507495,True,2026-05-27T08:38:53.668,2026-05-27T11:00:00.000,2026-05-27T11:00:00.000,0.846175294583161,44.90718315689014,10.130653266331478,114.76479430368497,115.74017693184899,107.60962679158456,0.3105679660695598,Secondary,Secondary
316.6934125,-8.92085,AT2025mrh,,,46.63886856728235,1.3739851665668799,2.412060301507495,True,2026-05-27T08:38:53.668,2026-05-27T11:00:00.000,2026-05-27T11:00:00.000,0.846175294583161,44.90718315689014,10.130653266331478,114.70533086514237,115.68108362203934,107.5824095507628,0.31030875425399734,Secondary,Secondary
316.8305875,-10.59351388888889,AT2025ltz,,,44.9705890996943,1.4133185633327365,2.29145728643212,True,2026-05-27T08:46:07.839,2026-05-27T11:00:00.000,2026-05-27T11:00:00.000,0.846175294583161,44.90718315689014,10.130653266331478,114.2920298502974,115.26950641680618,107.44523519105093,0.3090023317815567,Secondary,Secondary
316.8459458333333,-13.549752777777778,AT2024umz,,,42.060912118707556,1.490728742568497,1.9899497487436832,True,2026-05-27T09:04:13.266,2026-05-27T11:00:00.000,2026-05-27T11:00:00.000,0.846175294583161,44.90718315689014,10.130653266331478,113.30086969685479,114.27907505274771,107.42987348997013,0.3088560297329325,Secondary,Secondary
316.8500041666666,-23.62669444444445,AT2025mus,,,32.12328525512949,1.876011190669634,0.6633165829145611,True,2026-05-27T10:23:49.146,2026-05-27T11:00:00.000,2026-05-27T11:00:00.000,0.846175294583161,44.90718315689014,10.130653266331478,109.46680774788065,110.42786360431084,107.42581887668013,0.3088174145091167,Secondary,Secondary
316.9543,-10.615797222222222,AT2024rbw,,,44.92598250408592,1.414417708327589,2.2311557788944327,True,2026-05-27T08:49:44.925,2026-05-27T11:00:00.000,2026-05-27T11:00:00.000,0.846175294583161,44.90718315689014,10.130653266331478,114.3994352449922,115.37695779359383,107.3215181666672,0.30782407413109814,Secondary,Secondary
316.98795,-9.916808333333332,AT2025krm,,,45.60596974617698,1.3979363065320989,2.29145728643212,True,2026-05-27T08:46:07.839,2026-05-27T11:00:00.000,2026-05-27T11:00:00.000,0.846175294583161,44.90718315689014,10.130653266331478,114.66017896272547,115.63714229202449,107.28787134516165,0.3075036284588556,Secondary,Secondary
317.0462166666666,-9.830727777777778,AT2025mrv,,,45.67944257889365,1.396190083426082,2.29145728643212,True,2026-05-27T08:46:07.839,2026-05-27T11:00:00.000,2026-05-27T11:00:00.000,0.846175294583161,44.90718315689014,10.130653266331478,114.74248569188511,115.71938679349456,107.22960536199213,0.30694871436105425,Secondary,Secondary
317.12144583333327,-13.244941666666666,AT2025luv,,,42.312404710644216,1.4835526827813348,2.0502512562813706,True,2026-05-27T09:00:36.181,2026-05-27T11:00:00.000,2026-05-27T11:00:00.000,0.846175294583161,44.90718315689014,10.130653266331478,113.65855804491103,114.63680213239127,107.15437676943196,0.3062322515745607,Secondary,Secondary
317.1541291666666,-9.483280555555556,AT2025kqr,,,45.999604577160525,1.3886578307790571,2.3517587939698075,True,2026-05-27T08:42:30.754,2026-05-27T11:00:00.000,2026-05-27T11:00:00.000,0.846175294583161,44.90718315689014,10.130653266331478,114.95588183758638,115.93247170243221,107.12169222269154,0.30592097014972797,Secondary,Secondary
317.16425,-14.530497222222223,AT2025ltv,,,41.04084776800305,1.5208632170518788,1.9296482412059959,True,2026-05-27T09:07:50.352,2026-05-27T11:00:00.000,2026-05-27T11:00:00.000,0.846175294583161,44.90718315689014,10.130653266331478,113.24213729395998,114.21991201863754,107.11157277899622,0.3058245945288269,Secondary,Secondary
317.22330416666665,-14.031783333333331,AT2025nje,,,41.52081430260154,1.506474925886808,1.9296482412059959,True,2026-05-27T09:07:50.352,2026-05-27T11:00:00.000,2026-05-27T11:00:00.000,0.846175294583161,44.90718315689014,10.130653266331478,113.47366635956443,114.45167392726444,107.05251912229994,0.30526217873095146,Secondary,Secondary
317.28202916666663,-13.519130555555556,AT2025luw,,,42.01413971394187,1.4920741513569256,1.9899497487436832,True,2026-05-27T09:04:13.266,2026-05-27T11:00:00.000,2026-05-27T11:00:00.000,0.846175294583161,44.90718315689014,10.130653266331478,113.70853357595438,114.68670751877048,106.99379341402971,0.3047028862863564,Secondary,Secondary
317.32497916666665,-13.188333333333334,AT2025lux,,,42.33132254197855,1.4830168191716373,1.9899497487436832,True,2026-05-27T09:04:13.266,2026-05-27T11:00:00.000,2026-05-27T11:00:00.000,0.846175294583161,44.90718315689014,10.130653266331478,113.86395798804848,114.84219912472716,106.95084339185678,0.3042938384562349,Secondary,Secondary
317.3579666666666,-23.77970833333333,AT2025msu,,,31.898058038679775,1.8877709583477214,0.6030150753768737,True,2026-05-27T10:27:26.231,2026-05-27T11:00:00.000,2026-05-27T11:00:00.000,0.846175294583161,44.90718315689014,10.130653266331478,109.82762497362039,110.78753575862548,106.91785531822154,0.3039796663205455,Secondary,Secondary
317.4294541666666,-9.840152777777778,AT2025ksk,,,45.5961176340802,1.3981709667881823,2.29145728643212,True,2026-05-27T08:46:07.839,2026-05-27T11:00:00.000,2026-05-27T11:00:00.000,0.846175294583161,44.90718315689014,10.130653266331478,115.09626500225609,116.07329536891231,106.84636704660147,0.3032988256117202,Secondary,Secondary
317.4882833333333,-14.219477777777778,AT2025nhi,,,41.28880747110875,1.513382682706746,1.9296482412059959,True,2026-05-27T09:07:50.352,2026-05-27T11:00:00.000,2026-05-27T11:00:00.000,0.846175294583161,44.90718315689014,10.130653266331478,113.6466402879333,114.62451624145979,106.78754019766859,0.3027385699320922,Secondary,Secondary
317.63376666666665,-14.82503611111111,AT2025ltw,,,40.66763117766498,1.5323169104993857,1.8693467336683085,True,2026-05-27T09:11:27.437,2026-05-27T11:00:00.000,2026-05-27T11:00:00.000,0.846175294583161,44.90718315689014,10.130653266331478,113.55931713287548,114.53679295116885,106.64205609033274,0.30135300701614964,Secondary,Secondary
317.6402458333333,-14.026747222222223,AT2025nie,,,41.45018923586278,1.5085684355587479,1.9296482412059959,True,2026-05-27T09:07:50.352,2026-05-27T11:00:00.000,2026-05-27T11:00:00.000,0.846175294583161,44.90718315689014,10.130653266331478,113.8532825503844,114.8312241910075,106.63557760974675,0.301291307187089,Secondary,Secondary
317.7061583333333,-11.99456111111111,AT2025luq,,,43.4309415220076,1.4527866880266727,2.110552763819058,True,2026-05-27T08:56:59.095,2026-05-27T11:00:00.000,2026-05-27T11:00:00.000,0.846175294583161,44.90718315689014,10.130653266331478,114.62777352225346,115.60601133060509,106.56966431352282,0.30066356151759616,Secondary,Secondary
317.72836666666666,6.931816666666667,AT2024rfa,,,61.77755238549439,1.1342662673059953,3.256281407035118,True,2026-05-27T07:48:14.472,2026-05-27T11:00:00.000,2026-05-27T11:00:00.000,0.846175294583161,44.90718315689014,10.130653266331478,119.74593727092166,120.65818802203673,106.54745141266551,0.3004520098005503,Secondary,Secondary
317.76112499999994,-13.578558333333334,AT2025ltx,,,41.86735869366165,1.4963185499336222,1.9296482412059959,True,2026-05-27T09:07:50.352,2026-05-27T11:00:00.000,2026-05-27T11:00:00.000,0.846175294583161,44.90718315689014,10.130653266331478,114.12298432424339,115.10108718963873,106.51469773503447,0.30014007029860856,Secondary,Secondary
317.9407125,-12.718180555555556,AT2025krn,,,42.67625186283739,1.4733416150570895,1.9899497487436832,True,2026-05-27T09:04:13.266,2026-05-27T11:00:00.000,2026-05-27T11:00:00.000,0.846175294583161,44.90718315689014,10.130653266331478,114.59078478138383,115.5690563313524,106.33510882315147,0.29842969967870064,Secondary,Secondary
317.9525875,-12.657708333333334,AT2025kse,,,42.733167956338754,1.4717623160679372,1.9899497487436832,True,2026-05-27T09:04:13.266,2026-05-27T11:00:00.000,2026-05-27T11:00:00.000,0.846175294583161,44.90718315689014,10.130653266331478,114.62285776213048,115.60113369114057,106.32323375728845,0.2983166038115336,Secondary,Secondary
318.02705,7.347083333333333,AT2024aajq,,,62.08000635559169,1.1310840969561744,3.256281407035118,True,2026-05-27T07:48:14.472,2026-05-27T11:00:00.000,2026-05-27T11:00:00.000,0.846175294583161,44.90718315689014,10.130653266331478,120.11349353683657,121.02318231678156,106.24877052775076,0.29760743020046576,Secondary,Secondary
318.2421666666666,-1.466988888888889,AT2024rtg,,,53.568634106506465,1.2419315816837824,2.773869346733619,True,2026-05-27T08:17:11.156,2026-05-27T11:00:00.000,2026-05-27T11:00:00.000,0.846175294583161,44.90718315689014,10.130653266331478,118.3538196229187,119.31202248424074,106.03365112942993,0.29555867372655864,Secondary,Secondary
318.2779749999999,-13.551908333333332,AT2025nif,,,41.79342734462593,1.4984692413896723,1.9296482412059959,True,2026-05-27T09:07:50.352,2026-05-27T11:00:00.000,2026-05-27T11:00:00.000,0.846175294583161,44.90718315689014,10.130653266331478,114.60167867021714,115.57972085864947,105.99784842092907,0.2952176958653516,Secondary,Secondary
318.3695708333333,0.0827916666666666,AT2024aaes,,,55.03111059981024,1.219411878835342,2.8341708542713064,True,2026-05-27T08:13:34.070,2026-05-27T11:00:00.000,2026-05-27T11:00:00.000,0.846175294583161,44.90718315689014,10.130653266331478,118.87536070113201,119.82737995463837,105.90624971626335,0.294345327237512,Secondary,Secondary
318.48747083333325,-12.536488888888888,AT2025kdw,,,42.74428655766939,1.4714543619923408,1.9899497487436832,True,2026-05-27T09:04:13.266,2026-05-27T11:00:00.000,2026-05-27T11:00:00.000,0.846175294583161,44.90718315689014,10.130653266331478,115.15406998932725,116.13233945825037,105.78835066589659,0.29322247913799815,Secondary,Secondary
318.587275,-12.444875,AT2025ksf,,,42.81312498571878,1.469551815682713,1.9899497487436832,True,2026-05-27T09:04:13.266,2026-05-27T11:00:00.000,2026-05-27T11:00:00.000,0.846175294583161,44.90718315689014,10.130653266331478,115.2775826368262,116.25585668912399,105.68854623536043,0.2922719607430936,Secondary,Secondary
169.8189459,62.6571741,SDSS_J111916.54+623925.8,13.65,16.46,61.17256373148633,1.1407810990613012,8.743718592964669,True,2026-05-26T23:00:00.000,2026-05-27T07:41:00.302,2026-05-27T01:50:03.015,0.846175294583161,44.90718315689014,10.130653266331478,75.26852496218181,75.26852496218181,105.54312996153686,0.29088686069133723,Secondary,Secondary
318.77442499999995,-12.531225,AT2025krq,,,42.68953027178149,1.4729727359014504,1.9899497487436832,True,2026-05-27T09:04:13.266,2026-05-27T11:00:00.000,2026-05-27T11:00:00.000,0.846175294583161,44.90718315689014,10.130653266331478,115.41786783242829,116.39612604378706,105.50139630116473,0.29048958041989537,Secondary,Secondary
318.93281249999995,-13.430347222222222,AT2025krr,,,41.778403830750854,1.4989073395904537,1.8693467336683085,True,2026-05-27T09:11:27.437,2026-05-27T11:00:00.000,2026-05-27T11:00:00.000,0.846175294583161,44.90718315689014,10.130653266331478,115.23935034905301,116.21734074238931,105.34300877940268,0.28898112782956104,Secondary,Secondary
318.98009999999994,-9.062369444444446,AT2024umh,,,46.02384707709825,1.3880925505456743,2.2311557788944327,True,2026-05-27T08:49:44.925,2026-05-27T11:00:00.000,2026-05-27T11:00:00.000,0.846175294583161,44.90718315689014,10.130653266331478,116.79640772257103,117.77320296341776,105.29571934504207,0.28853075216634083,Secondary,Secondary
319.00946666666664,-13.513472222222225,AT2025lty,,,41.68109027186343,1.501753779117785,1.8693467336683085,True,2026-05-27T09:11:27.437,2026-05-27T11:00:00.000,2026-05-27T11:00:00.000,0.846175294583161,44.90718315689014,10.130653266331478,115.27862462234698,116.25656452062606,105.26635604627882,0.28825110183457214,Secondary,Secondary
319.082575,-13.029083333333334,AT2025njf,,,42.138079090476054,1.488516474549996,1.9296482412059959,True,2026-05-27T09:07:50.352,2026-05-27T11:00:00.000,2026-05-27T11:00:00.000,0.846175294583161,44.90718315689014,10.130653266331478,115.52033237848067,116.49845275267232,105.19324826600234,0.28755483725104203,Secondary,Secondary
319.19688749999995,9.514844444444444,AT2024vdr,,,63.715647452023,1.1147110864431593,3.256281407035118,True,2026-05-27T07:48:14.472,2026-05-27T11:00:00.000,2026-05-27T11:00:00.000,0.846175294583161,44.90718315689014,10.130653266331478,121.6227869142372,122.5174620379745,105.07893147395498,0.28646610572927245,Secondary,Secondary
319.23071666666664,10.296277777777778,AT2024rvo,,,64.4263021799405,1.1080223985535032,3.3165829145728054,True,2026-05-27T07:44:37.387,2026-05-27T11:00:00.000,2026-05-27T11:00:00.000,0.846175294583161,44.90718315689014,10.130653266331478,121.77647729270227,122.6647804172614,105.04510110767785,0.2861439116133088,Secondary,Secondary
319.4131208333333,-22.790797222222224,AT2025nwy,,,32.527593551773975,1.855333978995557,0.6633165829145611,True,2026-05-27T10:23:49.146,2026-05-27T11:00:00.000,2026-05-27T11:00:00.000,0.846175294583161,44.90718315689014,10.130653266331478,111.955971331875,112.91623176870056,104.86270331515834,0.28440679010584735,Secondary,Secondary
319.43559583333337,-14.3718,AT2025njo,,,40.75287531422064,1.5296799997479857,1.7487437185929338,True,2026-05-27T09:18:41.608,2026-05-27T11:00:00.000,2026-05-27T11:00:00.000,0.846175294583161,44.90718315689014,10.130653266331478,115.34721026588815,116.32450690547417,104.84022734241171,0.28419273323495203,Secondary,Secondary
319.7433,6.172994444444445,AT2024rte,,,60.40427957015579,1.149348536488115,3.075376884422056,True,2026-05-27T07:59:05.729,2026-05-27T11:00:00.000,2026-05-27T11:00:00.000,0.846175294583161,44.90718315689014,10.130653266331478,121.56765777579145,122.48772070476551,104.53251781797599,0.28126216600136383,Secondary,Secondary
319.77844583333325,0.5871000000000001,AT2024sxn,,,55.11216552924558,1.2182106051117658,2.773869346733619,True,2026-05-27T08:17:11.156,2026-05-27T11:00:00.000,2026-05-27T11:00:00.000,0.846175294583161,44.90718315689014,10.130653266331478,120.36536169793418,121.31674029856971,104.49737414418729,0.2809274646162115,Secondary,Secondary
319.9284833333333,4.094358333333333,AT2024pny,,,58.388378194575324,1.1734691248282707,2.954773869346681,True,2026-05-27T08:06:19.899,2026-05-27T11:00:00.000,2026-05-27T11:00:00.000,0.846175294583161,44.90718315689014,10.130653266331478,121.32441828290968,122.25781198624996,104.34733550977245,0.27949852509913764,Secondary,Secondary
319.93009583333327,-20.726669444444443,AT2025nze,,,34.44815663745365,1.764156028803032,0.9648241206029979,True,2026-05-27T10:05:43.719,2026-05-27T11:00:00.000,2026-05-27T11:00:00.000,0.846175294583161,44.90718315689014,10.130653266331478,113.26342062301582,114.22910701602022,104.34572818276013,0.27948321741645205,Secondary,Secondary
319.95909583333327,-4.090555555555556,AT2024tca,,,50.583353581971,1.2932716785622433,2.5326633165828696,True,2026-05-27T08:31:39.497,2026-05-27T11:00:00.000,2026-05-27T11:00:00.000,0.846175294583161,44.90718315689014,10.130653266331478,119.2710798259541,120.23937421561627,104.316724013422,0.27920698715999304,Secondary,Secondary
320.0337708333333,2.3944638888888887,AT2024yfy,,,56.748649071745824,1.1949565192176623,2.894472361808994,True,2026-05-27T08:09:56.985,2026-05-27T11:00:00.000,2026-05-27T11:00:00.000,0.846175294583161,44.90718315689014,10.130653266331478,121.04752571636774,121.99046044293517,104.24204976061077,0.27849580384518696,Secondary,Secondary
320.2135541666666,1.8737777777777775,AT2024spv,,,56.19789353677808,1.2025739415275902,2.8341708542713064,True,2026-05-27T08:13:34.070,2026-05-27T11:00:00.000,2026-05-27T11:00:00.000,0.846175294583161,44.90718315689014,10.130653266331478,121.10006722144989,122.04586763265407,104.06226609595558,0.2767835784641972,Secondary,Secondary
320.22635,-1.888775,AT2024rfw,,,52.616093698329905,1.2574970570853956,2.592964824120557,True,2026-05-27T08:28:02.412,2026-05-27T11:00:00.000,2026-05-27T11:00:00.000,0.846175294583161,44.90718315689014,10.130653266331478,120.15076506424319,121.112505571177,104.04946805769919,0.27666169212915837,Secondary,Secondary
320.2342958333333,0.0917166666666666,AT2024ytc,,,54.50093593899406,1.2273887796791385,2.7135678391959317,True,2026-05-27T08:20:48.241,2026-05-27T11:00:00.000,2026-05-27T11:00:00.000,0.846175294583161,44.90718315689014,10.130653266331478,120.6817298072578,121.63579183299863,104.04152473843624,0.2765860417308193,Secondary,Secondary
320.5132958333333,-5.296211111111111,AT2024svz,,,49.27148396058097,1.3183567762300594,2.412060301507495,True,2026-05-27T08:38:53.668,2026-05-27T11:00:00.000,2026-05-27T11:00:00.000,0.846175294583161,44.90718315689014,10.130653266331478,119.43713510213995,120.40877999624895,103.76252420927733,0.27392889381838714,Secondary,Secondary
320.5381416666666,0.7313444444444445,AT2024rbt,,,55.01193550169687,1.2196967657323114,2.773869346733619,True,2026-05-27T08:17:11.156,2026-05-27T11:00:00.000,2026-05-27T11:00:00.000,0.846175294583161,44.90718315689014,10.130653266331478,121.13692210611374,122.08852170916803,103.73767654349291,0.2736922491550645,Secondary,Secondary
320.5602125,8.167219444444443,AT2024ulc,,,61.955007594833994,1.132393246981786,3.1356783919597433,True,2026-05-27T07:55:28.643,2026-05-27T11:00:00.000,2026-05-27T11:00:00.000,0.846175294583161,44.90718315689014,10.130653266331478,122.72868361170296,123.63558381847542,103.71560688867345,0.27348206210950443,Secondary,Secondary
320.90455,7.485236111111111,AT2024svy,,,61.193909162506635,1.1405478041727741,3.075376884422056,True,2026-05-27T07:59:05.729,2026-05-27T11:00:00.000,2026-05-27T11:00:00.000,0.846175294583161,44.90718315689014,10.130653266331478,122.94479054827904,123.85717936797288,103.37127006457388,0.27020266387052333,Secondary,Secondary
321.11544999999995,3.873336111111111,AT2024sww,,,57.76913908594392,1.1813791405036425,2.894472361808994,True,2026-05-27T08:09:56.985,2026-05-27T11:00:00.000,2026-05-27T11:00:00.000,0.846175294583161,44.90718315689014,10.130653266331478,122.43256283590699,123.36874798832245,103.16036999923739,0.2681940918086336,Secondary,Secondary
321.1163083333333,5.9325527777777785,AT2024pmq,,,59.68101367251509,1.15772350807097,2.954773869346681,True,2026-05-27T08:06:19.899,2026-05-27T11:00:00.000,2026-05-27T11:00:00.000,0.846175294583161,44.90718315689014,10.130653266331478,122.85999307989564,123.78343319486274,103.1595105317005,0.2681859062625606,Secondary,Secondary
321.4214416666667,-6.551241666666667,SN2024qzr,,,47.809916285994035,1.3483213502438363,2.2311557788944327,True,2026-05-27T08:49:44.925,2026-05-27T11:00:00.000,2026-05-27T11:00:00.000,0.846175294583161,44.90718315689014,10.130653266331478,119.90120011270449,120.87579935339193,102.85437663081274,0.2652798690486401,Secondary,Secondary
321.51258749999994,5.265605555555555,AT2024ueh,,,58.91401329738709,1.166943445251969,2.894472361808994,True,2026-05-27T08:09:56.985,2026-05-27T11:00:00.000,2026-05-27T11:00:00.000,0.846175294583161,44.90718315689014,10.130653266331478,123.11312046395254,124.04139300312626,102.76323197576039,0.2644118248551779,Secondary,Secondary
321.618075,-1.7675055555555554,AT2024pqg,,,52.298323606175046,1.2628547666717547,2.5326633165828696,True,2026-05-27T08:31:39.497,2026-05-27T11:00:00.000,2026-05-27T11:00:00.000,0.846175294583161,44.90718315689014,10.130653266331478,121.52127987042329,122.48397142216616,102.65774377760494,0.263407175261258,Secondary,Secondary
166.4742478,39.782479,SDSS_J110553.81+394656.9,11.69,22.0,84.04158987583571,1.005108545514002,7.778894472361671,True,2026-05-26T23:00:00.000,2026-05-27T06:43:06.935,2026-05-27T01:35:34.673,0.846175294583161,44.90718315689014,10.130653266331478,56.303393627982956,56.303393627982956,102.19843188340462,0.2590325932825814,Secondary,Secondary
322.0846708333333,0.3774722222222222,AT2024tuo,,,54.157960769673714,1.2326612459944934,2.6532663316582443,True,2026-05-27T08:24:25.327,2026-05-27T11:00:00.000,2026-05-27T11:00:00.000,0.846175294583161,44.90718315689014,10.130653266331478,122.54346144803131,123.49837421498933,102.1911489915056,0.25896341552034713,Secondary,Secondary
166.1138081,38.2088329,MARK_421,9.64,12.22,85.62039473093296,1.0026158804464127,7.658291457286296,True,2026-05-26T23:00:00.000,2026-05-27T06:35:52.764,2026-05-27T01:35:34.673,0.846175294583161,44.90718315689014,10.130653266331478,55.161981551032746,55.161981551032746,101.83799220533268,0.2555998344426669,Secondary,Secondary
164.3798709,40.946151,NGC_3468,8.8,10.1,82.88171493500444,1.007435675115962,7.658291457286296,True,2026-05-26T23:00:00.000,2026-05-27T06:35:52.764,2026-05-27T01:28:20.503,0.846175294583161,44.90718315689014,10.130653266331478,58.16901665277684,58.16901665277684,100.1040550270227,0.2390861470351248,Secondary,Secondary
326.3891132,-4.5775518,NPM1G-04.0578,11.8,14.32,47.951886886523,1.3453127135189147,2.0502512562813706,True,2026-05-27T09:00:36.181,2026-05-27T11:00:00.000,2026-05-27T11:00:00.000,0.846175294583161,44.90718315689014,10.130653266331478,125.21754840929721,126.1916546594782,97.88670389815405,0.2179687000012791,Secondary,Secondary
326.7518917,-10.3199801,RXS_J21470-1019,11.28,14.59,42.50795477226455,1.4780398653175135,1.628140703517559,True,2026-05-27T09:25:55.779,2026-05-27T11:00:00.000,2026-05-27T11:00:00.000,0.846175294583161,44.90718315689014,10.130653266331478,123.49709230579202,124.47507883356717,97.52392541983403,0.21451366687980236,Secondary,Secondary
330.6803808,42.2777718,BL_LAC,12.59,14.8,70.03425653288078,1.0634692068938134,3.6783919597989296,True,2026-05-27T07:22:54.874,2026-05-27T11:00:00.000,2026-05-27T11:00:00.000,0.846175294583161,44.90718315689014,10.130653266331478,129.0912305980148,129.49685876551214,93.59543636353578,0.17709948539819445,Secondary,Secondary
334.3584034,-9.1183173,NPM1G-09.0688,12.54,14.1,40.36475200196444,1.5417874872997206,1.2060301507537474,True,2026-05-27T09:51:15.377,2026-05-27T11:00:00.000,2026-05-27T11:00:00.000,0.846175294583161,44.90718315689014,10.130653266331478,130.82589809720056,131.8018935821431,89.91741382911886,0.14207069936203587,Secondary,Secondary
153.8095,-11.6342778,LCRS_B101246.6-112306,13.41,17.18,44.54196106271905,1.4239871204589967,4.522613065326553,True,2026-05-26T23:00:00.000,2026-05-27T03:27:44.322,2026-05-27T00:44:55.477,0.846175294583161,44.90718315689014,10.130653266331478,40.01205605688971,40.01205605688971,89.53368414904628,0.13841594819792546,Secondary,Secondary
244.9607769,-83.824695,PKS_1608-83,13.99,15.45,-27.57664618846449,,0.0,False,,,,0.846175294583161,44.90718315689014,10.130653266331478,73.07315724358996,73.48789425003892,179.3150396957953,0.9934766599164148,Prime,Non-Observable
275.2783916666666,-27.611222222222224,AT2025kxx,,,28.711221717687877,2.0750594394085575,0.0,False,,,,0.846175294583161,44.90718315689014,10.130653266331478,72.37417776997255,73.3488140536657,148.99742928142933,0.7047375135625901,Prime,Non-Observable
211.874011,-27.0178588,IC_4374,9.23,8.89,29.163416539478103,2.0458722767659854,0.0,False,,,,0.846175294583161,44.90718315689014,10.130653266331478,18.891720164784417,19.737071736009536,147.59819466720563,0.6914112864253925,Prime,Non-Observable
279.5859964,-60.4229551,6dF_J183820.6-602522,13.11,15.62,-4.086992677188171,,0.0,False,,,,0.846175294583161,44.90718315689014,10.130653266331478,74.47666193193274,75.23434998761078,144.68982050168665,0.663712667630164,Prime,Non-Observable
280.1608154,-77.1579583,ESO_45-11,8.07,9.12,-20.81931709813661,,0.0,False,,,,0.846175294583161,44.90718315689014,10.130653266331478,75.7224987664838,76.2624899618363,144.11500154556626,0.6582382013843043,Prime,Non-Observable
284.267375,-40.24677777777778,AT2025lit,,,16.099945657490156,3.5652390784384833,0.0,False,,,,0.846175294583161,44.90718315689014,10.130653266331478,78.47308316065025,79.39960228086704,140.00844590361777,0.6191281480649877,Prime,Non-Observable
285.3042958333333,-38.42862777777778,AT2025jzg,,,17.920087379038474,3.2208352803613476,0.0,False,,,,0.846175294583161,44.90718315689014,10.130653266331478,79.5045238020499,80.44007594609938,138.97152491527572,0.6092527100810176,Prime,Non-Observable
286.6152625,-28.9123,AT2025lix,,,27.440053821311853,2.1624692807578314,0.0,False,,,,0.846175294583161,44.90718315689014,10.130653266331478,82.08938606527845,83.05892806127291,137.6605592861893,0.5967673231530805,Prime,Non-Observable
286.6152625,-28.9123,AT2025lix,,,27.440053821311853,2.1624692807578314,0.0,False,,,,0.846175294583161,44.90718315689014,10.130653266331478,82.08938606527845,83.05892806127291,137.66055838137288,0.5967673145204528,Prime,Non-Observable
201.365094,-43.01922,NGC_5128,7.19,0.0,13.150075088455475,4.319480456643489,0.0,False,,,,0.846175294583161,44.90718315689014,10.130653266331478,30.4047286809758,30.816152459104536,137.08927771067277,0.5913263630375544,Prime,Non-Observable
287.29428749999994,-38.251488888888886,SN2025lxe,,,18.102688779130684,3.190047937380648,0.0,False,,,,0.846175294583161,44.90718315689014,10.130653266331478,81.07420470566568,82.00944447547928,136.98153355878924,0.5903004114412971,Prime,Non-Observable
200.419292,-34.6313612,PGC_659653,12.61,12.68,21.53727426583546,2.7076613340466933,0.0,False,,,,0.846175294583161,44.90718315689014,10.130653266331478,21.984437920194274,22.399799064101646,136.14347575471504,0.582318725361558,Prime,Non-Observable
288.600225,-32.55491388888888,AT2025nwz,,,23.802729240344313,2.465868489866551,0.0,False,,,,0.846175294583161,44.90718315689014,10.130653266331478,83.10782183207994,84.06615979741764,135.67559912656696,0.577862940688664,Prime,Non-Observable
288.600225,-32.55491388888888,AT2025nwz,,,23.802729240344313,2.465868489866551,0.0,False,,,,0.846175294583161,44.90718315689014,10.130653266331478,83.10782183207994,84.06615979741764,135.67559614709825,0.5778629122796534,Prime,Non-Observable
290.7090666666666,-26.614811111111116,AT2025nqq,,,29.746817055715255,2.009582791943128,0.0,False,,,,0.846175294583161,44.90718315689014,10.130653266331478,86.08959166945473,87.06231022930979,133.56675752595118,0.5577787349717537,Prime,Non-Observable
290.7090666666666,-26.614811111111116,AT2025nqq,,,29.746817055715255,2.009582791943128,0.0,False,,,,0.846175294583161,44.90718315689014,10.130653266331478,86.08959166945473,87.06231022930979,133.56675452458114,0.5577787063528354,Prime,Non-Observable
195.253292,-32.4413612,ESO_443-24,8.39,11.56,23.72348824653804,2.4735371748085124,0.0,False,,,,0.846175294583161,44.90718315689014,10.130653266331478,19.993772201620235,20.21412907504803,130.97747582067353,0.533118725992082,Prime,Non-Observable
293.33956666666666,-36.967797222222224,AT2025jsq,,,19.401333167129096,2.9876517182765365,0.0,False,,,,0.846175294583161,44.90718315689014,10.130653266331478,86.01916431369995,86.95603989515382,130.93625487653503,0.5327263287664951,Prime,Non-Observable
294.73167083333334,-37.03901388888889,AT2025nzl,,,19.33381569052425,2.9975092086683754,0.0,False,,,,0.846175294583161,44.90718315689014,10.130653266331478,87.08449018840231,88.01973452243725,129.54415311633375,0.5194682167802268,Prime,Non-Observable
193.7396383,-44.4157224,6dF_J125457.5-442457,10.07,12.89,11.746823930512914,4.804844337847331,0.0,False,,,,0.846175294583161,44.90718315689014,10.130653266331478,32.000391385968015,32.24251434686761,129.46382216421114,0.5187029768914266,Prime,Non-Observable
295.9997125,-28.384777777777774,AT2025mtp,,,27.99030453039862,2.123621504123946,0.0,False,,,,0.846175294583161,44.90718315689014,10.130653266331478,90.2436175326764,91.2100334832242,128.27610944076207,0.5073916103436393,Prime,Non-Observable
296.95017916666666,-27.5111,SN2025mjx,,,28.866022004341946,2.064960542769727,0.0,False,,,,0.846175294583161,44.90718315689014,10.130653266331478,91.27880493636968,92.246829505204,127.32564299495539,0.4983395489573354,Prime,Non-Observable
297.2463625,-31.161477777777776,AT2025nlc,,,25.216033765313945,2.3373312201953302,0.0,False,,,,0.846175294583161,44.90718315689014,10.130653266331478,90.57397344216726,91.53124132670908,127.02946065354712,0.49551876477171497,Prime,Non-Observable
300.99561666666665,-28.248491666666663,SN2025kfd,,,28.1378458745678,2.1134725928097726,0.0,False,,,,0.846175294583161,44.90718315689014,10.130653266331478,94.51180468358369,95.47519646624542,123.28020525194603,0.4598115704516864,Prime,Non-Observable
302.3557961,-48.8315895,PKS_2005-489,10.96,11.51,7.559519741191114,7.215756913732182,0.0,False,,,,0.846175294583161,44.90718315689014,10.130653266331478,89.19172287026768,90.03953250175732,121.92002091090279,0.4468574334445174,Prime,Non-Observable
305.3107875,-32.02880555555556,SN2025mxf,,,24.366579637017782,2.4127650581683597,0.0,False,,,,0.846175294583161,44.90718315689014,10.130653266331478,96.86628751709084,97.81209665644067,118.96503629547988,0.4187147232456184,Secondary,Non-Observable
307.1088,-28.942219444444444,AT2025nld,,,27.456807473056166,2.1612626816002845,0.0,False,,,,0.846175294583161,44.90718315689014,10.130653266331478,99.37633838904588,100.33176225843681,117.16702313138603,0.40159078837193646,Secondary,Non-Observable
307.8474958333333,-26.55776944444445,AT2025ncv,,,29.843372799248904,2.0037196712770973,0.0,False,,,,0.846175294583161,44.90718315689014,10.130653266331478,100.8145095258723,101.77682256328741,116.42832783014899,0.3945555950026633,Secondary,Non-Observable
308.194075,-33.19419722222222,AT2025mqs,,,23.206285045526254,2.524896645058431,0.0,False,,,,0.846175294583161,44.90718315689014,10.130653266331478,98.73052814997358,99.66718737437832,116.08174707301953,0.3912548258920781,Secondary,Non-Observable
310.4593538,-37.5611063,PGC_621219,13.83,15.78,18.79657052257614,3.0784544300638323,0.0,False,,,,0.846175294583161,44.90718315689014,10.130653266331478,98.76565845090217,99.67538907109086,113.81646323280745,0.3696806936537877,Secondary,Non-Observable
311.58678333333324,-27.50783333333333,AT2025jov,,,28.785584828539008,2.070194010777314,0.0,False,,,,0.846175294583161,44.90718315689014,10.130653266331478,103.57262792924699,104.52764890678108,112.68903829834187,0.3589433137383042,Secondary,Non-Observable
172.5293274,-42.2446938,LEDA_566417,13.83,15.73,13.915763338316353,4.094099332659562,0.0,False,,,,0.846175294583161,44.90718315689014,10.130653266331478,36.9870688713758,36.9870688713758,108.25351141757346,0.3167000174134035,Secondary,Non-Observable
171.6482208,-42.8700204,3HSPJ112635.6-425212,13.61,20.3,13.290729495260894,4.276215378552318,0.0,False,,,,0.846175294583161,44.90718315689014,10.130653266331478,37.88663411334853,37.88663411334853,107.37240483964234,0.3083085261955548,Secondary,Non-Observable
317.16352916666665,-27.36585,AT2025muk,,,28.38579855011275,2.0966632149767968,0.0,False,,,,0.846175294583161,44.90718315689014,10.130653266331478,108.15376693944458,109.1009451085679,107.1122938986685,0.30583146233966924,Secondary,Non-Observable
329.7169383,-30.2255891,PKS_2155-304,12.88,14.17,22.887465241069865,2.55772871761792,0.0,False,,,,0.846175294583161,44.90718315689014,10.130653266331478,116.24822572443901,117.14765744570246,94.5588788416564,0.1862751280416768,Secondary,Non-Observable
330.7221497,-56.5950413,MS_2159.5-5649,11.93,13.29,-2.274132497570123,,0.0,False,,,,0.846175294583161,44.90718315689014,10.130653266331478,100.1279259254168,100.81707698485906,93.55366748553433,0.17670168656252805,Secondary,Non-Observable
332.3175445,-47.1666895,NGC_7213,10.93,0.0,6.273765873691176,8.507370161168165,0.0,False,,,,0.846175294583161,44.90718315689014,10.130653266331478,107.22417330779761,107.9868410715014,91.95827270726124,0.16150745058255053,Secondary,Non-Observable
347.6739836,-43.7928431,J2310-437,11.65,14.71,4.486725018207355,11.248294467487145,0.0,False,,,,0.846175294583161,44.90718315689014,10.130653266331478,116.81631163207558,117.50525482862396,76.60183365094133,0.015255650049301125,Secondary,Non-Observable
136.9847192,49.5967237,MCG_8-17-034,9.9,12.24,74.19578792266097,1.0388697669913693,6.0904522613064245,True,2026-05-26T23:00:00.000,2026-05-27T05:01:48.543,2026-05-26T23:39:47.940,0.846175294583161,44.90718315689014,10.130653266331478,77.99049791626781,77.99049791626781,72.70890339263082,0.0,Non-Observable,Non-Observable
136.719991,41.4082393,MCG_7-19-027,11.96,13.85,82.37922228866317,1.0085755946699637,5.849246231155675,True,2026-05-26T23:00:00.000,2026-05-27T04:47:20.201,2026-05-26T23:39:47.940,0.846175294583161,44.90718315689014,10.130653266331478,73.94446547495598,73.94446547495598,72.44417521474494,0.0,Non-Observable,Non-Observable
125.1171204,48.8964948,PGC_2328287,13.64,17.39,74.80478411774746,1.0358183715059173,5.306532663316489,True,2026-05-26T23:00:00.000,2026-05-27T04:14:46.432,2026-05-26T23:00:00.000,0.846175294583161,44.90718315689014,10.130653266331478,84.57176528913847,84.57176528913847,60.84130463646176,0.0,Non-Observable,Non-Observable
122.7274873,49.1843945,1REX_J08109+4911,13.73,17.12,74.25023449414076,1.0385914550459543,5.185929648241114,True,2026-05-26T23:00:00.000,2026-05-27T04:07:32.261,2026-05-26T23:00:00.000,0.846175294583161,44.90718315689014,10.130653266331478,86.13590982720986,86.13590982720986,58.45167158029278,0.0,Non-Observable,Non-Observable
122.4120352,34.9270093,B2_0806+35,13.18,15.43,85.952696223848,1.0021895529896925,4.643216080401928,True,2026-05-26T23:00:00.000,2026-05-27T03:34:58.492,2026-05-26T23:00:00.000,0.846175294583161,44.90718315689014,10.130653266331478,81.56841417713808,81.56841417713808,58.13621950233821,0.0,Non-Observable,Non-Observable
118.6544532,39.1799372,RXS_J07546+3911,13.98,15.9,81.31952991501934,1.0112432406153524,4.58291457286424,True,2026-05-26T23:00:00.000,2026-05-27T03:31:21.407,2026-05-26T23:00:00.000,0.846175294583161,44.90718315689014,10.130653266331478,85.72156061888326,85.72156061888326,54.37863752412545,0.0,Non-Observable,Non-Observable
107.3925118,50.1822947,NGC_2332,8.95,11.18,68.1335165713373,1.07701302480682,4.160804020100429,True,2026-05-26T23:00:00.000,2026-05-27T03:06:01.809,2026-05-26T23:00:00.000,0.846175294583161,44.90718315689014,10.130653266331478,95.97363632068313,95.97363632068313,43.11669623371381,0.0,Non-Observable,Non-Observable
104.1980385,56.0526691,PGC_2523849,11.1,14.01,62.712288391316285,1.1245896023550985,4.160804020100429,True,2026-05-26T23:00:00.000,2026-05-27T03:06:01.809,2026-05-26T23:00:00.000,0.846175294583161,44.90718315689014,10.130653266331478,98.59862225198509,98.59862225198509,39.92222295553623,0.0,Non-Observable,Non-Observable
108.7913659,45.4322034,NPM_1G+45.0093,12.51,14.78,71.76862545935418,1.0524018402168336,4.100502512562741,True,2026-05-26T23:00:00.000,2026-05-27T03:02:24.724,2026-05-26T23:00:00.000,0.846175294583161,44.90718315689014,10.130653266331478,94.26982995640415,94.26982995640415,44.515550311564425,0.0,Non-Observable,Non-Observable
58.285578,82.9420602,WN_B0343.1+8247,13.42,16.54,36.055742379290926,1.6958290425804998,4.100502512562741,True,2026-05-26T23:00:00.000,2026-05-27T11:00:00.000,2026-05-26T23:00:00.000,0.846175294583161,44.90718315689014,10.130653266331478,105.19530927915821,105.19530927915821,5.990237281990943,0.0,Non-Observable,Non-Observable
104.0444227,42.6174315,NPM1G+42.0131,11.63,15.08,69.9174281380998,1.064258232862216,3.6783919597989296,True,2026-05-26T23:00:00.000,2026-05-27T02:37:05.126,2026-05-26T23:00:00.000,0.846175294583161,44.90718315689014,10.130653266331478,97.22289294072688,97.22289294072688,39.76860717754647,0.0,Non-Observable,Non-Observable
114.5308067,17.7052767,PKS_0735+17,13.4,14.68,70.37380358248463,1.0612075950478477,3.557788944723555,True,2026-05-26T23:00:00.000,2026-05-27T02:29:50.955,2026-05-26T23:00:00.000,0.846175294583161,44.90718315689014,10.130653266331478,83.75344201784543,83.75344201784543,50.25499104595795,0.0,Non-Observable,Non-Observable
137.0091822,-9.993738,DRCG_14-25,11.86,15.11,46.208242893771285,1.3838159106474077,3.557788944723555,True,2026-05-26T23:00:00.000,2026-05-27T02:29:50.955,2026-05-26T23:39:47.940,0.846175294583161,44.90718315689014,10.130653266331478,56.58572084404404,56.58572084404404,72.7333663707262,0.0,Non-Observable,Non-Observable
90.5018579,53.2666755,GB6_J0601+5315,12.79,16.38,57.62816289643977,1.183214182724951,3.1356783919597433,True,2026-05-26T23:00:00.000,2026-05-27T02:04:31.357,2026-05-26T23:00:00.000,0.846175294583161,44.90718315689014,10.130653266331478,106.5054732339184,106.5054732339184,26.226042399273354,0.0,Non-Observable,Non-Observable
89.5491587,53.4716283,TXS_0554+534,11.12,15.21,57.024248996503374,1.1912218633672522,3.1356783919597433,True,2026-05-26T23:00:00.000,2026-05-27T02:04:31.357,2026-05-26T23:00:00.000,0.846175294583161,44.90718315689014,10.130653266331478,107.05125385365065,107.05125385365065,25.2733432210253,0.0,Non-Observable,Non-Observable
124.0174685,-7.59992,1WGA_J0816.0-0736,11.27,14.28,48.51769449932932,1.3335346818886358,2.894472361808994,True,2026-05-26T23:00:00.000,2026-05-27T01:50:03.015,2026-05-26T23:00:00.000,0.846175294583161,44.90718315689014,10.130653266331478,69.61853087398741,69.61853087398741,59.741652758331156,0.0,Non-Observable,Non-Observable
356.7701568,51.7049654,1ES_2344+514,11.38,14.09,50.61587972236518,1.2926703576346754,2.29145728643212,True,2026-05-27T08:46:07.839,2026-05-27T11:00:00.000,2026-05-27T11:00:00.000,0.846175294583161,44.90718315689014,10.130653266331478,135.97306765162025,135.97306765162025,67.50566053828635,0.0,Non-Observable,Non-Observable
111.3731786,-5.0604125,3HSPJ072529.5-050336,13.6,16.7,48.40643511525683,1.335824162300996,2.1708542713567454,True,2026-05-26T23:00:00.000,2026-05-27T01:06:37.990,2026-05-26T23:00:00.000,0.846175294583161,44.90718315689014,10.130653266331478,82.42654666472696,82.42654666472696,47.09736296796817,0.0,Non-Observable,Non-Observable
350.6833943,34.6038538,TXS_2320+343,13.9,17.0,54.7152991339925,1.224138397626394,2.110552763819058,True,2026-05-27T08:56:59.095,2026-05-27T11:00:00.000,2026-05-27T11:00:00.000,0.846175294583161,44.90718315689014,10.130653266331478,146.47181126504154,146.86192146880816,73.59242301637005,0.0,Non-Observable,Non-Observable
72.5275834,45.0517778,1ES_0446+449,13.54,20.28,47.200773317583895,1.361479497973898,1.6884422110552464,True,2026-05-26T23:00:00.000,2026-05-27T00:37:41.307,2026-05-26T23:00:00.000,0.846175294583161,44.90718315689014,10.130653266331478,119.56898440337389,119.56898440337389,8.251768008593388,0.0,Non-Observable,Non-Observable
28.3576977,71.2518165,8C_0149+710,11.24,15.11,34.59830387357833,1.7574840041542574,1.0251256281406853,True,2026-05-27T10:02:06.633,2026-05-27T11:00:00.000,2026-05-27T11:00:00.000,0.846175294583161,44.90718315689014,10.130653266331478,118.2914467540346,118.2914467540346,35.91811729799247,0.0,Non-Observable,Non-Observable
12.3662195,39.8338793,3HSPJ004927.8+395003,13.35,18.67,38.960875702019585,1.5878438238397514,0.8442211055276232,True,2026-05-27T10:12:57.889,2026-05-27T11:00:00.000,2026-05-27T11:00:00.000,0.846175294583161,44.90718315689014,10.130653266331478,150.23999055160172,150.23999055160172,51.90959530073883,0.0,Non-Observable,Non-Observable
22.8076018,55.7536048,PGC_2513233,13.72,17.85,35.340054842441226,1.7254182546655434,0.6633165829145611,True,2026-05-27T10:23:49.146,2026-05-27T11:00:00.000,2026-05-27T11:00:00.000,0.846175294583161,44.90718315689014,10.130653266331478,133.92766832630406,133.92766832630406,41.46821311028185,0.0,Non-Observable,Non-Observable
48.4901777,41.2566573,V_Zw_331,10.46,13.12,29.330599385721346,2.035318813637424,0.0,False,,,,0.846175294583161,44.90718315689014,10.130653266331478,136.89572557100087,136.89572557100087,15.785637494550286,0.0,Non-Observable,Non-Observable
33.574748,51.7477628,87GB_02109+5130,12.26,14.43,28.18072542951266,2.1105437133249128,0.0,False,,,,0.846175294583161,44.90718315689014,10.130653266331478,135.5976600945229,135.5976600945229,30.701067019860147,0.0,Non-Observable,Non-Observable
48.2095326,36.255428,V_Zw_326,13.63,16.49,27.242390455287175,2.1768208401103193,0.0,False,,,,0.846175294583161,44.90718315689014,10.130653266331478,139.89930876694683,139.89930876694683,16.066282572965918,0.0,Non-Observable,Non-Observable
43.500185,36.4310845,UGC_2366,8.3,11.14,23.861202202608023,2.4602428533611667,0.0,False,,,,0.846175294583161,44.90718315689014,10.130653266331478,142.9072735337902,142.9072735337902,20.775630151061335,0.0,Non-Observable,Non-Observable
34.1020556,40.0100278,MCG_7-05-032,11.16,13.57,23.361395724917855,2.509251603375214,0.0,False,,,,0.846175294583161,44.90718315689014,10.130653266331478,145.45915818835013,145.45915818835013,30.173759463364206,0.0,Non-Observable,Non-Observable
66.4636389,-8.5600556,MCG_-1-12-005,10.64,12.64,18.669274385040037,3.0983113802009727,0.0,False,,,,0.846175294583161,44.90718315689014,10.130653266331478,125.06202561620745,125.06202561620745,2.1878235520957787,0.0,Non-Observable,Non-Observable
0.7827023,-18.0971558,RXS_J00031-1805,13.0,15.17,17.71846765173462,3.2555568325614708,0.0,False,,,,0.846175294583161,44.90718315689014,10.130653266331478,144.47528564155064,145.2258262329871,63.493112433992295,0.0,Non-Observable,Non-Observable
18.4297727,2.371474,UGC_773,13.67,15.44,17.36130666141375,3.3190158295176246,0.0,False,,,,0.846175294583161,44.90718315689014,10.130653266331478,169.66190928281023,169.9865341234277,45.846042144536284,0.0,Non-Observable,Non-Observable
3.4835103,-18.9018648,NPM_1G-19.0008,13.58,16.29,15.340276759637456,3.732602827090005,0.0,False,,,,0.846175294583161,44.90718315689014,10.130653266331478,145.0067828573424,145.70447097415695,60.79230445668318,0.0,Non-Observable,Non-Observable
19.7234321,-1.0020142,UGC_842,13.62,14.11,14.371375813141666,3.9709520891962193,0.0,False,,,,0.846175294583161,44.90718315689014,10.130653266331478,166.25703086534523,166.495908098523,44.5523827883907,0.0,Non-Observable,Non-Observable
87.6690445,-32.2712469,PKS_0548-322,13.18,15.65,14.232820439794645,4.00759835494414,0.0,False,,,,0.846175294583161,44.90718315689014,10.130653266331478,98.50817829506268,98.50817829506268,23.393229042939993,0.0,Non-Observable,Non-Observable
42.5728141,17.1360701,2FGL_J0250.6+1713,0.0,21.69,13.848798827529397,4.112856043823168,0.0,False,,,,0.846175294583161,44.90718315689014,10.130653266331478,151.92968072792598,151.92968072792598,21.70300102925063,0.0,Non-Observable,Non-Observable
14.0836694,-9.6082937,NPM1G-09.0033,11.54,14.81,13.73585492753944,4.144889492942465,0.0,False,,,,0.846175294583161,44.90718315689014,10.130653266331478,157.21602204583522,157.72240243110565,50.19214542279599,0.0,Non-Observable,Non-Observable
11.4780834,-17.3915278,PGC_884046,13.83,17.92,10.752841896981526,5.220431505398931,0.0,False,,,,0.846175294583161,44.90718315689014,10.130653266331478,149.0656258310541,149.60047325329572,52.79773137881244,0.0,Non-Observable,Non-Observable
41.3061451,10.7896789,NPM1G+10.0097,12.08,15.79,9.42514479577316,5.9011615407215,0.0,False,,,,0.846175294583161,44.90718315689014,10.130653266331478,153.7028108958908,153.7028108958908,22.96967000724038,0.0,Non-Observable,Non-Observable
28.1650452,1.7881626,NPM1G+01.0067,13.61,16.29,8.978988084929622,6.170919610928692,0.0,False,,,,0.846175294583161,44.90718315689014,10.130653266331478,164.1148229312182,164.1148229312182,36.11076977615991,0.0,Non-Observable,Non-Observable
24.02589,-9.9478969,6dF_J013606.2-095653,13.71,17.11,5.6941276333007105,9.24556349652044,0.0,False,,,,0.846175294583161,44.90718315689014,10.130653266331478,156.743875530602,156.84326117654157,40.24992493230383,0.0,Non-Observable,Non-Observable
349.7745669,-42.1134286,PKS_2316-423,8.93,11.09,5.049006358018481,10.22350809999115,0.0,False,,,,0.846175294583161,44.90718315689014,10.130653266331478,119.0650012021527,119.74882497506093,74.50125037269163,0.0,Non-Observable,Non-Observable
350.6683581,-42.3451827,DENISP_G_J2322404-422044,11.41,11.95,4.484285737427962,11.25315630673313,0.0,False,,,,0.846175294583161,44.90718315689014,10.130653266331478,119.22161339858768,119.89577136336722,73.60745919439671,0.0,Non-Observable,Non-Observable
76.5069654,-38.3487941,PGC_609990,13.84,16.02,3.9409510244091326,12.442405156578117,0.0,False,,,,0.846175294583161,44.90718315689014,10.130653266331478,104.71183607259034,104.71183607259034,12.231149986702235,0.0,Non-Observable,Non-Observable
19.3517418,-22.4666566,6dF_J011724.4-222760,13.65,17.73,1.8126834153221483,20.47558229469924,0.0,False,,,,0.846175294583161,44.90718315689014,10.130653266331478,144.8243845104237,145.13679122512656,44.92407306640226,0.0,Non-Observable,Non-Observable
57.9774167,-37.0619584,MS_03500-3712,13.66,14.38,-5.673358837503149,,0.0,False,,,,0.846175294583161,44.90718315689014,10.130653266331478,117.61502938731508,117.61502938731508,6.298398538349403,0.0,Non-Observable,Non-Observable
59.3696553,-46.4286776,DENISP_G_J0357287-462543,13.19,14.09,-10.710144444431124,,0.0,False,,,,0.846175294583161,44.90718315689014,10.130653266331478,110.34146325329411,110.34146325329411,4.906160004024656,0.0,Non-Observable,Non-Observable
81.9389167,-62.4221667,PGC_344820,10.29,11.22,-12.801608146196743,,0.0,False,,,,0.846175294583161,44.90718315689014,10.130653266331478,90.41898579356435,90.41898579356435,17.663101264727175,0.0,Non-Observable,Non-Observable
26.7024016,-52.0426746,PKS_0144-522,11.47,12.1,-19.755315030020956,,0.0,False,,,,0.846175294583161,44.90718315689014,10.130653266331478,114.88828052341646,115.13602981800852,37.57341335427881,0.0,Non-Observable,Non-Observable
51.3480259,-56.5957364,PGC_398865,12.84,21.15,-20.586805860049203,,0.0,False,,,,0.846175294583161,44.90718315689014,10.130653266331478,105.59201038993963,105.62967739048405,12.927789316421325,0.0,Non-Observable,Non-Observable
34.0694167,-48.2738056,PGC_489220,13.54,15.19,-22.164170343851787,,0.0,False,,,,0.846175294583161,44.90718315689014,10.130653266331478,117.51836135893817,117.66435925637937,30.206398341506485,0.0,Non-Observable,Non-Observable
59.3873132,-68.159083,PGC_287938,13.42,14.55,-23.50874697136036,,0.0,False,,,,0.846175294583161,44.90718315689014,10.130653266331478,94.08387305508354,94.18935980198167,4.8885021258806205,0.0,Non-Observable,Non-Observable
69.6545872,-73.4892609,PGC_255538,13.8,16.04,-23.95536277065001,,0.0,False,,,,0.846175294583161,44.90718315689014,10.130653266331478,87.93337336531467,88.06196226801191,5.378771830484595,0.0,Non-Observable,Non-Observable
58.2395133,-68.5213964,PKS_0352-686,11.77,12.46,-24.06061387798213,,0.0,False,,,,0.846175294583161,44.90718315689014,10.130653266331478,94.06929269602887,94.18425954394779,6.036301960099763,0.0,Non-Observable,Non-Observable
110.914193,-82.794747,IVS_B0729-826,0.0,0.0,-26.84174338249005,,0.0,False,,,,0.846175294583161,44.90718315689014,10.130653266331478,77.12673412624756,77.34702230450733,46.63837738963633,0.0,Non-Observable,Non-Observable
37.7876389,-57.9184445,PKS_0229-581,9.11,9.69,-27.767804459320335,,0.0,False,,,,0.846175294583161,44.90718315689014,10.130653266331478,107.6630328651019,107.82697173598181,26.48817618527886,0.0,Non-Observable,Non-Observable
